Station/Location;Date;tre200b0;tpr200dx;tpr200dn;rre150b0;spr100h0
;;133;133;133;133;133
TAE;2024031500;6.4;15.0;6.4;0.0;0
TAE;2024031501;7.3;-;-;0.0;0
TAE;2024031502;7.1;-;-;0.0;0
TAE;2024031503;7.2;-;-;0.1;0
TAE;2024031504;7.5;-;-;0.0;0
TAE;2024031505;8.0;-;-;0.0;0
TAE;2024031506;8.7;-;-;0.0;0
TAE;2024031507;9.6;-;-;0.0;2
TAE;2024031508;11.0;-;-;0.0;7
TAE;2024031509;12.3;-;-;0.0;9
TAE;2024031510;13.5;-;-;0.0;10
TAE;2024031511;14.4;-;-;0.0;12
TAE;2024031512;14.9;-;-;0.0;12
TAE;2024031513;15.0;-;-;0.0;7
TAE;2024031514;14.7;-;-;0.0;3
TAE;2024031515;14.0;-;-;0.0;4
TAE;2024031516;13.2;-;-;0.0;3
TAE;2024031517;12.2;-;-;0.0;1
TAE;2024031518;11.3;-;-;0.0;0
TAE;2024031519;10.5;-;-;0.0;0
TAE;2024031520;9.8;-;-;0.0;0
TAE;2024031521;9.3;-;-;0.0;0
TAE;2024031522;8.8;-;-;0.2;0
TAE;2024031523;8.5;-;-;0.0;0
TAE;2024031600;8.1;13.2;5.6;0.2;0
TAE;2024031601;7.8;-;-;0.0;0
TAE;2024031602;7.6;-;-;0.2;0
TAE;2024031603;7.5;-;-;0.2;0
TAE;2024031604;7.6;-;-;0.0;0
TAE;2024031605;7.9;-;-;0.0;0
TAE;2024031606;8.4;-;-;0.0;0
TAE;2024031607;9.1;-;-;0.0;4
TAE;2024031608;9.9;-;-;0.0;5
TAE;2024031609;10.8;-;-;0.0;6
TAE;2024031610;11.6;-;-;0.0;5
TAE;2024031611;12.4;-;-;0.0;5
TAE;2024031612;12.9;-;-;0.0;8
TAE;2024031613;13.2;-;-;0.0;13
TAE;2024031614;13.1;-;-;0.0;21
TAE;2024031615;12.5;-;-;0.0;28
TAE;2024031616;11.7;-;-;0.0;32
TAE;2024031617;10.7;-;-;0.0;40
TAE;2024031618;9.6;-;-;0.0;6
TAE;2024031619;8.5;-;-;0.0;0
TAE;2024031620;7.6;-;-;0.0;0
TAE;2024031621;6.8;-;-;0.0;0
TAE;2024031622;6.2;-;-;0.0;0
TAE;2024031623;5.6;-;-;0.0;0
TAE;2024031700;4.9;13.1;2.9;0.0;0
TAE;2024031701;4.3;-;-;0.0;0
TAE;2024031702;3.6;-;-;0.0;0
TAE;2024031703;3.1;-;-;0.0;0
TAE;2024031704;2.9;-;-;0.0;0
TAE;2024031705;3.2;-;-;0.0;0
TAE;2024031706;4.1;-;-;0.0;0
TAE;2024031707;5.5;-;-;0.0;11
TAE;2024031708;7.2;-;-;0.0;11
TAE;2024031709;8.9;-;-;0.0;11
TAE;2024031710;10.5;-;-;0.0;10
TAE;2024031711;11.7;-;-;0.0;9
TAE;2024031712;12.6;-;-;0.0;9
TAE;2024031713;13.1;-;-;0.0;9
TAE;2024031714;13.1;-;-;0.0;8
TAE;2024031715;12.9;-;-;0.0;5
TAE;2024031716;12.4;-;-;0.0;2
TAE;2024031717;11.7;-;-;0.0;1
TAE;2024031718;10.9;-;-;0.0;0
TAE;2024031719;10.1;-;-;0.0;0
TAE;2024031720;9.4;-;-;0.0;0
TAE;2024031721;8.8;-;-;0.0;0
TAE;2024031722;8.2;-;-;0.0;0
TAE;2024031723;7.8;-;-;0.0;0
TAE;2024031800;7.3;13.5;6.4;0.0;0
TAE;2024031801;6.9;-;-;0.0;0
TAE;2024031802;6.6;-;-;0.0;0
TAE;2024031803;6.4;-;-;0.0;0
TAE;2024031804;6.5;-;-;0.0;0
TAE;2024031805;6.9;-;-;0.0;0
TAE;2024031806;7.6;-;-;0.0;0
TAE;2024031807;8.6;-;-;0.0;0
TAE;2024031808;9.6;-;-;0.0;1
TAE;2024031809;10.7;-;-;0.0;2
TAE;2024031810;11.7;-;-;0.0;4
TAE;2024031811;12.6;-;-;0.0;4
TAE;2024031812;13.2;-;-;0.0;4
TAE;2024031813;13.5;-;-;0.0;4
TAE;2024031814;13.5;-;-;0.0;5
TAE;2024031815;13.2;-;-;0.0;7
TAE;2024031816;12.6;-;-;0.0;7
TAE;2024031817;11.9;-;-;0.0;4
TAE;2024031818;11.0;-;-;0.0;3
TAE;2024031819;10.1;-;-;0.0;0
TAE;2024031820;9.2;-;-;0.0;0
TAE;2024031821;8.4;-;-;0.0;0
TAE;2024031822;7.7;-;-;0.0;0
TAE;2024031823;7.0;-;-;0.0;0
TAE;2024031900;6.3;14.4;4.2;0.0;0
TAE;2024031901;5.6;-;-;0.0;0
TAE;2024031902;4.9;-;-;0.0;0
TAE;2024031903;4.4;-;-;0.0;0
TAE;2024031904;4.2;-;-;0.0;0
TAE;2024031905;4.6;-;-;0.0;0
TAE;2024031906;5.5;-;-;0.0;0
TAE;2024031907;6.9;-;-;0.0;8
TAE;2024031908;8.5;-;-;0.0;10
TAE;2024031909;10.1;-;-;0.0;9
TAE;2024031910;11.6;-;-;0.0;8
TAE;2024031911;12.8;-;-;0.0;15
TAE;2024031912;13.7;-;-;0.0;24
TAE;2024031913;14.3;-;-;0.0;28
TAE;2024031914;14.4;-;-;0.0;36
TAE;2024031915;14.0;-;-;0.0;38
TAE;2024031916;13.3;-;-;0.0;27
TAE;2024031917;12.3;-;-;0.0;18
TAE;2024031918;11.0;-;-;0.0;8
TAE;2024031919;9.6;-;-;0.0;0
TAE;2024031920;8.3;-;-;0.0;0
TAE;2024031921;7.1;-;-;0.0;0
TAE;2024031922;6.0;-;-;0.0;0
TAE;2024031923;5.1;-;-;0.0;0
TAE;2024032000;4.4;15.0;2.9;0.0;0
TAE;2024032001;3.7;-;-;0.0;0
TAE;2024032002;3.2;-;-;0.0;0
TAE;2024032003;2.9;-;-;0.0;0
TAE;2024032004;3.0;-;-;0.0;0
TAE;2024032005;3.6;-;-;0.0;0
TAE;2024032006;4.7;-;-;0.0;0
TAE;2024032007;6.3;-;-;0.0;26
TAE;2024032008;8.2;-;-;0.0;25
TAE;2024032009;10.2;-;-;0.0;28
TAE;2024032010;12.0;-;-;0.0;33
TAE;2024032011;13.5;-;-;0.0;32
TAE;2024032012;14.5;-;-;0.0;34
TAE;2024032013;15.0;-;-;0.0;36
TAE;2024032014;14.9;-;-;0.0;31
TAE;2024032015;14.4;-;-;0.0;26
TAE;2024032016;13.6;-;-;0.0;19
TAE;2024032017;12.5;-;-;0.0;9
TAE;2024032018;11.2;-;-;0.0;2
TAE;2024032019;9.9;-;-;0.0;0
TAE;2024032020;8.7;-;-;0.0;0
TAE;2024032021;7.6;-;-;0.0;0
TAE;2024032022;6.7;-;-;0.0;0
TAE;2024032023;5.9;-;-;0.0;0
TAE;2024032100;5.1;14.7;3.6;0.0;0
TAE;2024032101;4.4;-;-;0.0;0
TAE;2024032102;3.9;-;-;0.0;0
TAE;2024032103;3.6;-;-;0.0;0
TAE;2024032104;3.7;-;-;0.0;0
TAE;2024032105;4.2;-;-;0.0;0
TAE;2024032106;5.2;-;-;0.0;0
TAE;2024032107;6.6;-;-;0.0;16
TAE;2024032108;8.3;-;-;0.0;22
TAE;2024032109;10.1;-;-;0.0;23
TAE;2024032110;11.8;-;-;0.0;21
TAE;2024032111;13.2;-;-;0.0;21
TAE;2024032112;14.2;-;-;0.0;20
TAE;2024032113;14.7;-;-;0.0;18
TAE;2024032114;14.7;-;-;0.0;19
TAE;2024032115;14.1;-;-;0.0;18
TAE;2024032116;13.2;-;-;0.0;13
TAE;2024032117;12.1;-;-;0.0;6
TAE;2024032118;10.7;-;-;0.0;2
TAE;2024032119;9.4;-;-;0.0;0
TAE;2024032120;8.2;-;-;0.0;0
TAE;2024032121;7.1;-;-;0.0;0
TAE;2024032122;6.2;-;-;0.0;0
TAE;2024032123;5.4;-;-;0.0;0
TAE;2024032200;4.7;14.5;3.3;0.0;0
BAS;2024031500;10.1;16.7;8.9;0.0;0
BAS;2024031501;9.9;-;-;0.0;0
BAS;2024031502;9.4;-;-;0.2;0
BAS;2024031503;9.0;-;-;0.0;0
BAS;2024031504;8.9;-;-;0.0;0
BAS;2024031505;9.0;-;-;0.9;0
BAS;2024031506;9.5;-;-;0.0;0
BAS;2024031507;10.3;-;-;0.0;23
BAS;2024031508;11.6;-;-;0.0;21
BAS;2024031509;12.8;-;-;0.0;10
BAS;2024031510;14.0;-;-;0.0;2
BAS;2024031511;15.1;-;-;0.0;3
BAS;2024031512;15.9;-;-;0.0;5
BAS;2024031513;16.5;-;-;0.0;7
BAS;2024031514;16.7;-;-;0.0;8
BAS;2024031515;16.6;-;-;0.0;7
BAS;2024031516;16.1;-;-;0.0;5
BAS;2024031517;15.3;-;-;0.0;6
BAS;2024031518;14.2;-;-;0.0;0
BAS;2024031519;13.1;-;-;0.0;0
BAS;2024031520;12.1;-;-;0.0;0
BAS;2024031521;11.2;-;-;0.0;0
BAS;2024031522;10.5;-;-;0.0;0
BAS;2024031523;10.0;-;-;0.0;0
BAS;2024031600;9.7;15.0;5.8;0.0;0
BAS;2024031601;9.4;-;-;0.0;0
BAS;2024031602;9.2;-;-;0.0;0
BAS;2024031603;9.1;-;-;0.0;0
BAS;2024031604;9.1;-;-;0.0;0
BAS;2024031605;9.4;-;-;0.0;0
BAS;2024031606;9.8;-;-;0.0;0
BAS;2024031607;10.4;-;-;0.0;9
BAS;2024031608;11.2;-;-;0.0;10
BAS;2024031609;12.1;-;-;0.0;12
BAS;2024031610;13.0;-;-;0.0;12
BAS;2024031611;13.9;-;-;0.0;11
BAS;2024031612;14.6;-;-;0.0;12
BAS;2024031613;15.0;-;-;0.0;17
BAS;2024031614;15.0;-;-;0.0;21
BAS;2024031615;14.6;-;-;0.0;24
BAS;2024031616;13.7;-;-;0.0;29
BAS;2024031617;12.5;-;-;0.0;31
BAS;2024031618;11.2;-;-;0.0;0
BAS;2024031619;9.8;-;-;0.0;0
BAS;2024031620;8.5;-;-;0.0;0
BAS;2024031621;7.4;-;-;0.0;0
BAS;2024031622;6.5;-;-;0.0;0
BAS;2024031623;5.8;-;-;0.0;0
BAS;2024031700;5.2;14.8;4.3;0.0;0
BAS;2024031701;4.7;-;-;0.0;0
BAS;2024031702;4.4;-;-;0.0;0
BAS;2024031703;4.3;-;-;0.0;0
BAS;2024031704;4.5;-;-;0.0;0
BAS;2024031705;5.0;-;-;0.0;0
BAS;2024031706;5.9;-;-;0.0;0
BAS;2024031707;7.2;-;-;0.0;3
BAS;2024031708;8.7;-;-;0.0;5
BAS;2024031709;10.3;-;-;0.0;8
BAS;2024031710;11.8;-;-;0.0;9
BAS;2024031711;13.1;-;-;0.0;9
BAS;2024031712;14.1;-;-;0.0;8
BAS;2024031713;14.6;-;-;0.0;6
BAS;2024031714;14.8;-;-;0.0;6
BAS;2024031715;14.7;-;-;0.0;7
BAS;2024031716;14.2;-;-;0.0;6
BAS;2024031717;13.5;-;-;0.0;3
BAS;2024031718;12.7;-;-;0.0;0
BAS;2024031719;11.8;-;-;0.0;0
BAS;2024031720;11.0;-;-;0.0;0
BAS;2024031721;10.2;-;-;0.0;0
BAS;2024031722;9.5;-;-;0.0;0
BAS;2024031723;9.0;-;-;0.0;0
BAS;2024031800;8.5;15.1;7.6;0.0;0
BAS;2024031801;8.1;-;-;0.0;0
BAS;2024031802;7.7;-;-;0.0;0
BAS;2024031803;7.6;-;-;0.0;0
BAS;2024031804;7.7;-;-;0.0;0
BAS;2024031805;8.0;-;-;0.0;0
BAS;2024031806;8.8;-;-;0.0;0
BAS;2024031807;9.8;-;-;0.0;0
BAS;2024031808;11.0;-;-;0.0;1
BAS;2024031809;12.2;-;-;0.0;3
BAS;2024031810;13.3;-;-;0.0;5
BAS;2024031811;14.2;-;-;0.0;6
BAS;2024031812;14.8;-;-;0.0;8
BAS;2024031813;15.1;-;-;0.0;7
BAS;2024031814;15.1;-;-;0.0;8
BAS;2024031815;14.8;-;-;0.0;10
BAS;2024031816;14.2;-;-;0.0;13
BAS;2024031817;13.4;-;-;0.0;14
BAS;2024031818;12.5;-;-;0.0;0
BAS;2024031819;11.6;-;-;0.0;0
BAS;2024031820;10.7;-;-;0.0;0
BAS;2024031821;9.9;-;-;0.0;0
BAS;2024031822;9.1;-;-;0.0;0
BAS;2024031823;8.4;-;-;0.0;0
BAS;2024031900;7.8;16.8;6.8;0.0;0
BAS;2024031901;7.4;-;-;0.0;0
BAS;2024031902;7.0;-;-;0.0;0
BAS;2024031903;6.8;-;-;0.0;0
BAS;2024031904;6.8;-;-;0.0;0
BAS;2024031905;7.2;-;-;0.0;0
BAS;2024031906;7.9;-;-;0.0;0
BAS;2024031907;9.0;-;-;0.0;0
BAS;2024031908;10.3;-;-;0.0;15
BAS;2024031909;11.9;-;-;0.0;19
BAS;2024031910;13.4;-;-;0.0;21
BAS;2024031911;14.8;-;-;0.0;27
BAS;2024031912;15.9;-;-;0.0;30
BAS;2024031913;16.6;-;-;0.0;24
BAS;2024031914;16.8;-;-;0.0;17
BAS;2024031915;16.4;-;-;0.0;16
BAS;2024031916;15.6;-;-;0.0;17
BAS;2024031917;14.4;-;-;0.0;20
BAS;2024031918;13.0;-;-;0.0;1
BAS;2024031919;11.5;-;-;0.0;0
BAS;2024031920;10.2;-;-;0.0;0
BAS;2024031921;9.0;-;-;0.0;0
BAS;2024031922;8.1;-;-;0.0;0
BAS;2024031923;7.3;-;-;0.0;0
BAS;2024032000;6.7;16.8;5.7;0.0;0
BAS;2024032001;6.3;-;-;0.0;0
BAS;2024032002;5.9;-;-;0.0;0
BAS;2024032003;5.7;-;-;0.0;0
BAS;2024032004;5.8;-;-;0.0;0
BAS;2024032005;6.3;-;-;0.0;0
BAS;2024032006;7.3;-;-;0.0;2
BAS;2024032007;8.8;-;-;0.0;21
BAS;2024032008;10.5;-;-;0.0;25
BAS;2024032009;12.3;-;-;0.0;33
BAS;2024032010;14.1;-;-;0.0;32
BAS;2024032011;15.4;-;-;0.0;26
BAS;2024032012;16.4;-;-;0.0;23
BAS;2024032013;16.8;-;-;0.0;22
BAS;2024032014;16.6;-;-;0.0;19
BAS;2024032015;16.1;-;-;0.0;18
BAS;2024032016;15.1;-;-;0.0;14
BAS;2024032017;13.9;-;-;0.0;7
BAS;2024032018;12.7;-;-;0.0;2
BAS;2024032019;11.4;-;-;0.0;0
BAS;2024032020;10.2;-;-;0.0;0
BAS;2024032021;9.2;-;-;0.0;0
BAS;2024032022;8.4;-;-;0.0;0
BAS;2024032023;7.8;-;-;0.0;0
BAS;2024032100;7.2;15.8;6.3;0.0;0
BAS;2024032101;6.8;-;-;0.0;0
BAS;2024032102;6.4;-;-;0.0;0
BAS;2024032103;6.3;-;-;0.0;0
BAS;2024032104;6.4;-;-;0.0;0
BAS;2024032105;6.8;-;-;0.0;0
BAS;2024032106;7.6;-;-;0.0;4
BAS;2024032107;8.8;-;-;0.0;7
BAS;2024032108;10.2;-;-;0.0;11
BAS;2024032109;11.8;-;-;0.0;16
BAS;2024032110;13.2;-;-;0.0;17
BAS;2024032111;14.5;-;-;0.0;15
BAS;2024032112;15.4;-;-;0.0;11
BAS;2024032113;15.8;-;-;0.0;11
BAS;2024032114;15.8;-;-;0.0;12
BAS;2024032115;15.3;-;-;0.0;13
BAS;2024032116;14.4;-;-;0.0;10
BAS;2024032117;13.2;-;-;0.0;5
BAS;2024032118;12.0;-;-;0.0;3
BAS;2024032119;10.7;-;-;0.0;0
BAS;2024032120;9.6;-;-;0.0;0
BAS;2024032121;8.6;-;-;0.0;0
BAS;2024032122;7.7;-;-;0.0;0
BAS;2024032123;7.1;-;-;0.0;0
BAS;2024032200;6.5;15.9;5.3;0.0;0
BER;2024031500;8.6;15.5;7.5;0.0;0
BER;2024031501;8.6;-;-;0.0;0
BER;2024031502;8.1;-;-;0.0;0
BER;2024031503;7.7;-;-;0.0;0
BER;2024031504;7.5;-;-;0.3;0
BER;2024031505;7.6;-;-;0.0;0
BER;2024031506;8.1;-;-;0.3;0
BER;2024031507;8.8;-;-;0.0;6
BER;2024031508;10.2;-;-;0.0;8
BER;2024031509;11.6;-;-;0.0;9
BER;2024031510;12.9;-;-;0.0;9
BER;2024031511;14.0;-;-;0.0;8
BER;2024031512;14.9;-;-;0.0;4
BER;2024031513;15.4;-;-;0.0;4
BER;2024031514;15.5;-;-;0.0;7
BER;2024031515;15.3;-;-;0.0;6
BER;2024031516;14.7;-;-;0.0;9
BER;2024031517;13.8;-;-;0.0;11
BER;2024031518;12.7;-;-;0.0;4
BER;2024031519;11.5;-;-;0.0;0
BER;2024031520;10.4;-;-;0.0;0
BER;2024031521;9.5;-;-;0.0;0
BER;2024031522;8.8;-;-;0.0;0
BER;2024031523;8.2;-;-;0.0;0
BER;2024031600;7.9;14.3;5.0;0.0;0
BER;2024031601;7.6;-;-;0.0;0
BER;2024031602;7.5;-;-;0.0;0
BER;2024031603;7.5;-;-;0.0;0
BER;2024031604;7.6;-;-;0.0;0
BER;2024031605;8.0;-;-;0.0;0
BER;2024031606;8.5;-;-;0.0;0
BER;2024031607;9.3;-;-;0.0;7
BER;2024031608;10.2;-;-;0.0;8
BER;2024031609;11.2;-;-;0.0;12
BER;2024031610;12.3;-;-;0.0;15
BER;2024031611;13.2;-;-;0.0;16
BER;2024031612;13.9;-;-;0.0;16
BER;2024031613;14.3;-;-;0.0;20
BER;2024031614;14.2;-;-;0.0;23
BER;2024031615;13.7;-;-;0.0;23
BER;2024031616;12.8;-;-;0.0;27
BER;2024031617;11.6;-;-;0.0;33
BER;2024031618;10.2;-;-;0.0;24
BER;2024031619;8.9;-;-;0.0;0
BER;2024031620;7.7;-;-;0.0;0
BER;2024031621;6.7;-;-;0.0;0
BER;2024031622;5.8;-;-;0.0;0
BER;2024031623;5.0;-;-;0.0;0
BER;2024031700;4.3;13.3;2.4;0.0;0
BER;2024031701;3.6;-;-;0.0;0
BER;2024031702;2.9;-;-;0.0;0
BER;2024031703;2.5;-;-;0.0;0
BER;2024031704;2.4;-;-;0.0;0
BER;2024031705;2.9;-;-;0.0;0
BER;2024031706;3.8;-;-;0.0;0
BER;2024031707;5.2;-;-;0.0;2
BER;2024031708;6.9;-;-;0.0;5
BER;2024031709;8.6;-;-;0.0;8
BER;2024031710;10.1;-;-;0.0;9
BER;2024031711;11.5;-;-;0.0;9
BER;2024031712;12.5;-;-;0.0;9
BER;2024031713;13.1;-;-;0.0;9
BER;2024031714;13.3;-;-;0.0;8
BER;2024031715;13.2;-;-;0.0;7
BER;2024031716;12.8;-;-;0.0;5
BER;2024031717;12.1;-;-;0.0;2
BER;2024031718;11.2;-;-;0.0;0
BER;2024031719;10.2;-;-;0.0;0
BER;2024031720;9.2;-;-;0.0;0
BER;2024031721;8.3;-;-;0.0;0
BER;2024031722;7.5;-;-;0.0;0
BER;2024031723;6.9;-;-;0.0;0
BER;2024031800;6.5;13.0;5.7;0.0;0
BER;2024031801;6.1;-;-;0.0;0
BER;2024031802;5.8;-;-;0.0;0
BER;2024031803;5.7;-;-;0.0;0
BER;2024031804;5.8;-;-;0.0;0
BER;2024031805;6.3;-;-;0.0;0
BER;2024031806;7.1;-;-;0.0;0
BER;2024031807;8.1;-;-;0.0;1
BER;2024031808;9.3;-;-;0.0;2
BER;2024031809;10.5;-;-;0.0;3
BER;2024031810;11.5;-;-;0.0;5
BER;2024031811;12.3;-;-;0.0;6
BER;2024031812;12.8;-;-;0.0;7
BER;2024031813;13.0;-;-;0.0;6
BER;2024031814;12.9;-;-;0.0;5
BER;2024031815;12.5;-;-;0.0;6
BER;2024031816;12.0;-;-;0.0;7
BER;2024031817;11.2;-;-;0.0;8
BER;2024031818;10.3;-;-;0.0;6
BER;2024031819;9.4;-;-;0.0;0
BER;2024031820;8.4;-;-;0.0;0
BER;2024031821;7.5;-;-;0.0;0
BER;2024031822;6.6;-;-;0.0;0
BER;2024031823;5.8;-;-;0.0;0
BER;2024031900;5.2;14.9;4.1;0.0;0
BER;2024031901;4.6;-;-;0.0;0
BER;2024031902;4.2;-;-;0.0;0
BER;2024031903;4.1;-;-;0.0;0
BER;2024031904;4.2;-;-;0.0;0
BER;2024031905;4.8;-;-;0.0;0
BER;2024031906;5.9;-;-;0.0;0
BER;2024031907;7.3;-;-;0.0;8
BER;2024031908;9.0;-;-;0.0;8
BER;2024031909;10.7;-;-;0.0;10
BER;2024031910;12.3;-;-;0.0;14
BER;2024031911;13.6;-;-;0.0;19
BER;2024031912;14.4;-;-;0.0;20
BER;2024031913;14.9;-;-;0.0;26
BER;2024031914;14.8;-;-;0.0;22
BER;2024031915;14.4;-;-;0.0;18
BER;2024031916;13.6;-;-;0.0;18
BER;2024031917;12.6;-;-;0.0;13
BER;2024031918;11.3;-;-;0.0;12
BER;2024031919;10.0;-;-;0.0;0
BER;2024031920;8.7;-;-;0.0;0
BER;2024031921;7.5;-;-;0.0;0
BER;2024031922;6.6;-;-;0.0;0
BER;2024031923;5.8;-;-;0.0;0
BER;2024032000;5.1;15.0;3.9;0.0;0
BER;2024032001;4.6;-;-;0.0;0
BER;2024032002;4.1;-;-;0.0;0
BER;2024032003;3.9;-;-;0.0;0
BER;2024032004;3.9;-;-;0.0;0
BER;2024032005;4.4;-;-;0.0;0
BER;2024032006;5.3;-;-;0.0;0
BER;2024032007;6.6;-;-;0.0;12
BER;2024032008;8.3;-;-;0.0;21
BER;2024032009;10.1;-;-;0.0;28
BER;2024032010;11.9;-;-;0.0;29
BER;2024032011;13.3;-;-;0.0;26
BER;2024032012;14.4;-;-;0.0;27
BER;2024032013;15.0;-;-;0.0;27
BER;2024032014;15.0;-;-;0.0;23
BER;2024032015;14.7;-;-;0.0;22
BER;2024032016;13.9;-;-;0.0;20
BER;2024032017;12.8;-;-;0.0;12
BER;2024032018;11.6;-;-;0.0;5
BER;2024032019;10.4;-;-;0.0;0
BER;2024032020;9.1;-;-;0.0;0
BER;2024032021;8.1;-;-;0.0;0
BER;2024032022;7.1;-;-;0.0;0
BER;2024032023;6.3;-;-;0.0;0
BER;2024032100;5.6;14.7;4.3;0.0;0
BER;2024032101;5.0;-;-;0.0;0
BER;2024032102;4.5;-;-;0.0;0
BER;2024032103;4.3;-;-;0.0;0
BER;2024032104;4.4;-;-;0.0;0
BER;2024032105;5.0;-;-;0.0;0
BER;2024032106;5.9;-;-;0.0;0
BER;2024032107;7.2;-;-;0.0;7
BER;2024032108;8.8;-;-;0.0;11
BER;2024032109;10.4;-;-;0.0;15
BER;2024032110;12.0;-;-;0.0;18
BER;2024032111;13.3;-;-;0.0;22
BER;2024032112;14.2;-;-;0.0;23
BER;2024032113;14.7;-;-;0.0;23
BER;2024032114;14.7;-;-;0.0;23
BER;2024032115;14.2;-;-;0.0;21
BER;2024032116;13.3;-;-;0.0;15
BER;2024032117;12.1;-;-;0.0;8
BER;2024032118;10.8;-;-;0.0;3
BER;2024032119;9.4;-;-;0.0;0
BER;2024032120;8.2;-;-;0.0;0
BER;2024032121;7.1;-;-;0.0;0
BER;2024032122;6.1;-;-;0.0;0
BER;2024032123;5.3;-;-;0.0;0
BER;2024032200;4.7;14.4;3.6;0.0;0
DAV;2024031500;1.6;8.8;0.2;0.0;0
DAV;2024031501;1.8;-;-;0.0;0
DAV;2024031502;1.0;-;-;0.0;0
DAV;2024031503;0.4;-;-;0.0;0
DAV;2024031504;0.2;-;-;0.0;0
DAV;2024031505;0.6;-;-;0.0;0
DAV;2024031506;1.6;-;-;0.0;0
DAV;2024031507;2.9;-;-;0.0;0
DAV;2024031508;4.7;-;-;0.0;1
DAV;2024031509;6.3;-;-;0.0;3
DAV;2024031510;7.5;-;-;0.0;5
DAV;2024031511;8.4;-;-;0.0;4
DAV;2024031512;8.8;-;-;0.0;3
DAV;2024031513;8.8;-;-;0.0;2
DAV;2024031514;8.5;-;-;0.0;1
DAV;2024031515;7.7;-;-;0.0;1
DAV;2024031516;6.7;-;-;0.0;0
DAV;2024031517;5.5;-;-;0.0;0
DAV;2024031518;4.1;-;-;0.0;0
DAV;2024031519;2.9;-;-;0.0;0
DAV;2024031520;1.9;-;-;0.0;0
DAV;2024031521;1.2;-;-;0.0;0
DAV;2024031522;0.7;-;-;0.0;0
DAV;2024031523;0.4;-;-;0.0;0
DAV;2024031600;0.1;4.9;-1.1;0.0;0
DAV;2024031601;-0.1;-;-;0.0;0
DAV;2024031602;-0.2;-;-;0.0;0
DAV;2024031603;0.0;-;-;0.0;0
DAV;2024031604;0.4;-;-;0.0;0
DAV;2024031605;1.1;-;-;0.0;0
DAV;2024031606;2.0;-;-;0.0;0
DAV;2024031607;2.9;-;-;0.0;1
DAV;2024031608;3.5;-;-;0.0;2
DAV;2024031609;3.7;-;-;0.0;1
DAV;2024031610;3.5;-;-;0.0;0
DAV;2024031611;3.2;-;-;0.0;0
DAV;2024031612;3.1;-;-;0.0;0
DAV;2024031613;3.4;-;-;0.0;0
DAV;2024031614;4.0;-;-;0.0;0
DAV;2024031615;4.6;-;-;0.0;1
DAV;2024031616;4.9;-;-;0.0;4
DAV;2024031617;4.5;-;-;0.0;7
DAV;2024031618;3.7;-;-;0.0;0
DAV;2024031619;2.5;-;-;0.0;0
DAV;2024031620;1.4;-;-;0.0;0
DAV;2024031621;0.4;-;-;0.0;0
DAV;2024031622;-0.4;-;-;0.0;0
DAV;2024031623;-1.1;-;-;0.0;0
DAV;2024031700;-1.6;8.3;-2.5;0.0;0
DAV;2024031701;-2.1;-;-;0.0;0
DAV;2024031702;-2.4;-;-;0.0;0
DAV;2024031703;-2.5;-;-;0.0;0
DAV;2024031704;-2.3;-;-;0.0;0
DAV;2024031705;-1.6;-;-;0.0;0
DAV;2024031706;-0.5;-;-;0.0;0
DAV;2024031707;1.0;-;-;0.0;16
DAV;2024031708;2.7;-;-;0.0;22
DAV;2024031709;4.4;-;-;0.0;21
DAV;2024031710;5.9;-;-;0.0;11
DAV;2024031711;7.1;-;-;0.0;9
DAV;2024031712;7.9;-;-;0.0;9
DAV;2024031713;8.3;-;-;0.0;8
DAV;2024031714;8.3;-;-;0.0;7
DAV;2024031715;7.8;-;-;0.0;4
DAV;2024031716;7.0;-;-;0.0;2
DAV;2024031717;5.9;-;-;0.0;0
DAV;2024031718;4.6;-;-;0.0;0
DAV;2024031719;3.2;-;-;0.0;0
DAV;2024031720;1.9;-;-;0.0;0
DAV;2024031721;0.8;-;-;0.0;0
DAV;2024031722;0.1;-;-;0.0;0
DAV;2024031723;-0.2;-;-;0.0;0
DAV;2024031800;-0.3;8.0;-0.3;0.0;0
DAV;2024031801;-0.2;-;-;0.0;0
DAV;2024031802;0.0;-;-;0.0;0
DAV;2024031803;0.2;-;-;0.0;0
DAV;2024031804;0.6;-;-;0.0;0
DAV;2024031805;1.3;-;-;0.0;0
DAV;2024031806;2.3;-;-;0.0;0
DAV;2024031807;3.6;-;-;0.0;1
DAV;2024031808;5.0;-;-;0.0;1
DAV;2024031809;6.4;-;-;0.0;0
DAV;2024031810;7.4;-;-;0.0;0
DAV;2024031811;8.0;-;-;0.0;1
DAV;2024031812;8.0;-;-;0.0;2
DAV;2024031813;7.6;-;-;0.0;3
DAV;2024031814;6.8;-;-;0.0;1
DAV;2024031815;5.7;-;-;0.0;0
DAV;2024031816;4.6;-;-;0.0;1
DAV;2024031817;3.5;-;-;0.0;0
DAV;2024031818;2.6;-;-;0.0;0
DAV;2024031819;1.8;-;-;0.0;0
DAV;2024031820;1.2;-;-;0.0;0
DAV;2024031821;0.8;-;-;0.0;0
DAV;2024031822;0.4;-;-;0.0;0
DAV;2024031823;0.0;-;-;0.0;0
DAV;2024031900;-0.4;8.1;-1.3;0.0;0
DAV;2024031901;-0.7;-;-;0.0;0
DAV;2024031902;-1.1;-;-;0.0;0
DAV;2024031903;-1.3;-;-;0.0;0
DAV;2024031904;-1.3;-;-;0.0;0
DAV;2024031905;-0.9;-;-;0.0;0
DAV;2024031906;-0.1;-;-;0.0;0
DAV;2024031907;1.1;-;-;0.0;13
DAV;2024031908;2.4;-;-;0.0;18
DAV;2024031909;3.7;-;-;0.0;19
DAV;2024031910;5.0;-;-;0.0;18
DAV;2024031911;6.0;-;-;0.0;16
DAV;2024031912;6.9;-;-;0.0;17
DAV;2024031913;7.6;-;-;0.0;27
DAV;2024031914;8.0;-;-;0.0;34
DAV;2024031915;8.1;-;-;0.0;31
DAV;2024031916;7.7;-;-;0.0;27
DAV;2024031917;6.8;-;-;0.0;14
DAV;2024031918;5.5;-;-;0.0;0
DAV;2024031919;3.9;-;-;0.0;0
DAV;2024031920;2.3;-;-;0.0;0
DAV;2024031921;0.9;-;-;0.0;0
DAV;2024031922;-0.2;-;-;0.0;0
DAV;2024031923;-1.0;-;-;0.0;0
DAV;2024032000;-1.5;9.8;-2.4;0.0;0
DAV;2024032001;-2.0;-;-;0.0;0
DAV;2024032002;-2.3;-;-;0.0;0
DAV;2024032003;-2.4;-;-;0.0;0
DAV;2024032004;-2.2;-;-;0.0;0
DAV;2024032005;-1.6;-;-;0.0;0
DAV;2024032006;-0.5;-;-;0.0;0
DAV;2024032007;1.1;-;-;0.0;39
DAV;2024032008;3.0;-;-;0.0;43
DAV;2024032009;5.0;-;-;0.0;48
DAV;2024032010;6.9;-;-;0.0;52
DAV;2024032011;8.4;-;-;0.0;49
DAV;2024032012;9.4;-;-;0.0;47
DAV;2024032013;9.8;-;-;0.0;43
DAV;2024032014;9.6;-;-;0.0;38
DAV;2024032015;8.9;-;-;0.0;35
DAV;2024032016;7.9;-;-;0.0;25
DAV;2024032017;6.7;-;-;0.0;12
DAV;2024032018;5.3;-;-;0.0;0
DAV;2024032019;4.0;-;-;0.0;0
DAV;2024032020;2.7;-;-;0.0;0
DAV;2024032021;1.7;-;-;0.0;0
DAV;2024032022;0.8;-;-;0.0;0
DAV;2024032023;0.1;-;-;0.0;0
DAV;2024032100;-0.4;8.6;-1.3;0.0;0
DAV;2024032101;-0.8;-;-;0.0;0
DAV;2024032102;-1.1;-;-;0.0;0
DAV;2024032103;-1.3;-;-;0.0;0
DAV;2024032104;-1.2;-;-;0.0;0
DAV;2024032105;-0.8;-;-;0.0;0
DAV;2024032106;-0.1;-;-;0.0;0
DAV;2024032107;1.0;-;-;0.0;5
DAV;2024032108;2.4;-;-;0.0;9
DAV;2024032109;4.0;-;-;0.0;11
DAV;2024032110;5.7;-;-;0.0;11
DAV;2024032111;7.1;-;-;0.0;10
DAV;2024032112;8.1;-;-;0.0;9
DAV;2024032113;8.6;-;-;0.0;9
DAV;2024032114;8.5;-;-;0.0;9
DAV;2024032115;7.9;-;-;0.0;9
DAV;2024032116;6.9;-;-;0.0;7
DAV;2024032117;5.5;-;-;0.0;3
DAV;2024032118;4.1;-;-;0.0;0
DAV;2024032119;2.8;-;-;0.0;0
DAV;2024032120;1.6;-;-;0.0;0
DAV;2024032121;0.6;-;-;0.0;0
DAV;2024032122;-0.2;-;-;0.0;0
DAV;2024032123;-0.8;-;-;0.0;0
DAV;2024032200;-1.2;8.2;-1.8;0.0;0
GVE;2024031500;10.6;17.8;9.5;0.0;0
GVE;2024031501;10.7;-;-;0.0;0
GVE;2024031502;10.2;-;-;0.0;0
GVE;2024031503;9.7;-;-;0.0;0
GVE;2024031504;9.5;-;-;0.0;0
GVE;2024031505;9.5;-;-;0.0;0
GVE;2024031506;9.8;-;-;0.0;0
GVE;2024031507;10.4;-;-;0.0;8
GVE;2024031508;11.6;-;-;0.0;13
GVE;2024031509;13.0;-;-;0.0;18
GVE;2024031510;14.4;-;-;0.0;15
GVE;2024031511;15.7;-;-;0.0;6
GVE;2024031512;16.8;-;-;0.0;5
GVE;2024031513;17.5;-;-;0.0;6
GVE;2024031514;17.8;-;-;0.0;10
GVE;2024031515;17.6;-;-;0.0;18
GVE;2024031516;16.9;-;-;0.0;17
GVE;2024031517;15.8;-;-;0.0;7
GVE;2024031518;14.5;-;-;0.0;3
GVE;2024031519;13.1;-;-;0.0;0
GVE;2024031520;11.9;-;-;0.2;0
GVE;2024031521;10.8;-;-;0.3;0
GVE;2024031522;10.1;-;-;0.3;0
GVE;2024031523;9.5;-;-;0.1;0
GVE;2024031600;9.1;17.6;5.6;0.1;0
GVE;2024031601;8.8;-;-;0.0;0
GVE;2024031602;8.6;-;-;0.1;0
GVE;2024031603;8.5;-;-;0.0;0
GVE;2024031604;8.5;-;-;0.0;0
GVE;2024031605;8.8;-;-;0.0;0
GVE;2024031606;9.5;-;-;0.0;0
GVE;2024031607;10.5;-;-;0.0;8
GVE;2024031608;11.8;-;-;0.0;17
GVE;2024031609;13.3;-;-;0.0;30
GVE;2024031610;14.8;-;-;0.0;36
GVE;2024031611;16.1;-;-;0.0;36
GVE;2024031612;17.1;-;-;0.0;36
GVE;2024031613;17.6;-;-;0.0;38
GVE;2024031614;17.6;-;-;0.0;41
GVE;2024031615;17.0;-;-;0.0;42
GVE;2024031616;15.9;-;-;0.0;40
GVE;2024031617;14.4;-;-;0.0;27
GVE;2024031618;12.6;-;-;0.0;13
GVE;2024031619;10.9;-;-;0.0;0
GVE;2024031620;9.2;-;-;0.0;0
GVE;2024031621;7.8;-;-;0.0;0
GVE;2024031622;6.6;-;-;0.0;0
GVE;2024031623;5.6;-;-;0.0;0
GVE;2024031700;4.9;14.0;3.8;0.0;0
GVE;2024031701;4.3;-;-;0.0;0
GVE;2024031702;3.9;-;-;0.0;0
GVE;2024031703;3.8;-;-;0.0;0
GVE;2024031704;4.0;-;-;0.0;0
GVE;2024031705;4.5;-;-;0.0;0
GVE;2024031706;5.4;-;-;0.0;0
GVE;2024031707;6.5;-;-;0.0;2
GVE;2024031708;7.9;-;-;0.0;5
GVE;2024031709;9.3;-;-;0.0;8
GVE;2024031710;10.6;-;-;0.0;9
GVE;2024031711;11.8;-;-;0.0;10
GVE;2024031712;12.8;-;-;0.0;10
GVE;2024031713;13.5;-;-;0.0;10
GVE;2024031714;13.9;-;-;0.0;11
GVE;2024031715;14.0;-;-;0.0;11
GVE;2024031716;13.7;-;-;0.0;8
GVE;2024031717;13.1;-;-;0.0;4
GVE;2024031718;12.3;-;-;0.0;3
GVE;2024031719;11.3;-;-;0.0;0
GVE;2024031720;10.4;-;-;0.0;0
GVE;2024031721;9.5;-;-;0.0;0
GVE;2024031722;8.9;-;-;0.0;0
GVE;2024031723;8.4;-;-;0.0;0
GVE;2024031800;7.9;15.3;6.7;0.0;0
GVE;2024031801;7.5;-;-;0.0;0
GVE;2024031802;7.1;-;-;0.0;0
GVE;2024031803;6.7;-;-;0.0;0
GVE;2024031804;6.7;-;-;0.0;0
GVE;2024031805;7.0;-;-;0.0;0
GVE;2024031806;7.8;-;-;0.0;0
GVE;2024031807;9.0;-;-;0.0;1
GVE;2024031808;10.4;-;-;0.0;4
GVE;2024031809;11.7;-;-;0.0;6
GVE;2024031810;13.0;-;-;0.0;6
GVE;2024031811;14.0;-;-;0.0;7
GVE;2024031812;14.7;-;-;0.0;8
GVE;2024031813;15.2;-;-;0.0;8
GVE;2024031814;15.3;-;-;0.0;8
GVE;2024031815;15.1;-;-;0.0;10
GVE;2024031816;14.6;-;-;0.0;11
GVE;2024031817;13.7;-;-;0.0;8
GVE;2024031818;12.7;-;-;0.0;7
GVE;2024031819;11.5;-;-;0.0;0
GVE;2024031820;10.3;-;-;0.0;0
GVE;2024031821;9.2;-;-;0.0;0
GVE;2024031822;8.3;-;-;0.0;0
GVE;2024031823;7.5;-;-;0.0;0
GVE;2024031900;6.9;15.8;5.7;0.0;0
GVE;2024031901;6.3;-;-;0.0;0
GVE;2024031902;5.9;-;-;0.0;0
GVE;2024031903;5.7;-;-;0.0;0
GVE;2024031904;5.8;-;-;0.0;0
GVE;2024031905;6.3;-;-;0.0;0
GVE;2024031906;7.2;-;-;0.0;0
GVE;2024031907;8.4;-;-;0.0;21
GVE;2024031908;9.9;-;-;0.0;23
GVE;2024031909;11.5;-;-;0.0;21
GVE;2024031910;12.9;-;-;0.0;23
GVE;2024031911;14.1;-;-;0.0;28
GVE;2024031912;15.1;-;-;0.0;28
GVE;2024031913;15.6;-;-;0.0;22
GVE;2024031914;15.8;-;-;0.0;19
GVE;2024031915;15.5;-;-;0.0;20
GVE;2024031916;14.8;-;-;0.0;15
GVE;2024031917;13.8;-;-;0.0;14
GVE;2024031918;12.5;-;-;0.0;16
GVE;2024031919;11.2;-;-;0.0;0
GVE;2024031920;9.8;-;-;0.0;0
GVE;2024031921;8.5;-;-;0.0;0
GVE;2024031922;7.5;-;-;0.0;0
GVE;2024031923;6.7;-;-;0.0;0
GVE;2024032000;6.0;16.4;5.0;0.0;0
GVE;2024032001;5.5;-;-;0.0;0
GVE;2024032002;5.2;-;-;0.0;0
GVE;2024032003;5.0;-;-;0.0;0
GVE;2024032004;5.2;-;-;0.0;0
GVE;2024032005;5.7;-;-;0.0;0
GVE;2024032006;6.8;-;-;0.0;0
GVE;2024032007;8.2;-;-;0.0;7
GVE;2024032008;10.0;-;-;0.0;11
GVE;2024032009;11.8;-;-;0.0;15
GVE;2024032010;13.5;-;-;0.0;17
GVE;2024032011;14.9;-;-;0.0;17
GVE;2024032012;15.8;-;-;0.0;16
GVE;2024032013;16.3;-;-;0.0;15
GVE;2024032014;16.4;-;-;0.0;15
GVE;2024032015;16.0;-;-;0.0;17
GVE;2024032016;15.3;-;-;0.0;15
GVE;2024032017;14.3;-;-;0.0;8
GVE;2024032018;13.1;-;-;0.0;3
GVE;2024032019;11.9;-;-;0.0;0
GVE;2024032020;10.8;-;-;0.0;0
GVE;2024032021;9.8;-;-;0.0;0
GVE;2024032022;9.0;-;-;0.0;0
GVE;2024032023;8.2;-;-;0.0;0
GVE;2024032100;7.6;16.0;6.4;0.0;0
GVE;2024032101;7.0;-;-;0.0;0
GVE;2024032102;6.6;-;-;0.0;0
GVE;2024032103;6.4;-;-;0.0;0
GVE;2024032104;6.4;-;-;0.0;0
GVE;2024032105;6.8;-;-;0.0;0
GVE;2024032106;7.6;-;-;0.0;0
GVE;2024032107;8.8;-;-;0.0;6
GVE;2024032108;10.3;-;-;0.0;10
GVE;2024032109;11.8;-;-;0.0;13
GVE;2024032110;13.4;-;-;0.0;14
GVE;2024032111;14.6;-;-;0.0;15
GVE;2024032112;15.5;-;-;0.0;18
GVE;2024032113;16.0;-;-;0.0;19
GVE;2024032114;16.0;-;-;0.0;18
GVE;2024032115;15.5;-;-;0.0;18
GVE;2024032116;14.6;-;-;0.0;16
GVE;2024032117;13.5;-;-;0.0;12
GVE;2024032118;12.2;-;-;0.0;8
GVE;2024032119;10.9;-;-;0.0;0
GVE;2024032120;9.7;-;-;0.0;0
GVE;2024032121;8.7;-;-;0.0;0
GVE;2024032122;7.9;-;-;0.0;0
GVE;2024032123;7.2;-;-;0.0;0
GVE;2024032200;6.6;16.3;5.4;0.0;0
GRE;2024031500;6.0;15.6;6.0;0.0;0
GRE;2024031501;7.0;-;-;0.0;0
GRE;2024031502;6.6;-;-;0.0;0
GRE;2024031503;6.3;-;-;0.0;0
GRE;2024031504;6.2;-;-;0.3;0
GRE;2024031505;6.5;-;-;0.6;0
GRE;2024031506;7.2;-;-;0.0;0
GRE;2024031507;8.2;-;-;0.0;10
GRE;2024031508;9.8;-;-;0.0;11
GRE;2024031509;11.3;-;-;0.0;7
GRE;2024031510;12.7;-;-;0.0;3
GRE;2024031511;13.8;-;-;0.0;2
GRE;2024031512;14.7;-;-;0.0;3
GRE;2024031513;15.3;-;-;0.0;4
GRE;2024031514;15.6;-;-;0.0;6
GRE;2024031515;15.6;-;-;0.0;6
GRE;2024031516;15.2;-;-;0.0;4
GRE;2024031517;14.4;-;-;0.0;5
GRE;2024031518;13.3;-;-;0.0;3
GRE;2024031519;12.1;-;-;0.0;0
GRE;2024031520;10.9;-;-;0.0;0
GRE;2024031521;9.8;-;-;0.0;0
GRE;2024031522;8.9;-;-;0.0;0
GRE;2024031523;8.3;-;-;0.0;0
GRE;2024031600;7.8;14.5;4.6;0.0;0
GRE;2024031601;7.4;-;-;0.0;0
GRE;2024031602;7.2;-;-;0.0;0
GRE;2024031603;7.1;-;-;0.0;0
GRE;2024031604;7.2;-;-;0.0;0
GRE;2024031605;7.6;-;-;0.0;0
GRE;2024031606;8.2;-;-;0.0;0
GRE;2024031607;9.0;-;-;0.0;4
GRE;2024031608;10.1;-;-;0.0;6
GRE;2024031609;11.2;-;-;0.0;7
GRE;2024031610;12.3;-;-;0.0;7
GRE;2024031611;13.3;-;-;0.0;7
GRE;2024031612;14.1;-;-;0.0;7
GRE;2024031613;14.5;-;-;0.0;11
GRE;2024031614;14.5;-;-;0.0;20
GRE;2024031615;14.1;-;-;0.0;25
GRE;2024031616;13.3;-;-;0.0;24
GRE;2024031617;12.1;-;-;0.0;29
GRE;2024031618;10.7;-;-;0.0;13
GRE;2024031619;9.3;-;-;0.0;0
GRE;2024031620;7.9;-;-;0.0;0
GRE;2024031621;6.6;-;-;0.0;0
GRE;2024031622;5.6;-;-;0.0;0
GRE;2024031623;4.6;-;-;0.0;0
GRE;2024031700;3.8;13.2;2.1;0.0;0
GRE;2024031701;3.1;-;-;0.0;0
GRE;2024031702;2.5;-;-;0.0;0
GRE;2024031703;2.1;-;-;0.0;0
GRE;2024031704;2.1;-;-;0.0;0
GRE;2024031705;2.6;-;-;0.0;0
GRE;2024031706;3.7;-;-;0.0;0
GRE;2024031707;5.2;-;-;0.0;2
GRE;2024031708;7.0;-;-;0.0;5
GRE;2024031709;8.7;-;-;0.0;8
GRE;2024031710;10.3;-;-;0.0;9
GRE;2024031711;11.6;-;-;0.0;9
GRE;2024031712;12.5;-;-;0.0;7
GRE;2024031713;13.0;-;-;0.0;6
GRE;2024031714;13.2;-;-;0.0;6
GRE;2024031715;13.1;-;-;0.0;7
GRE;2024031716;12.7;-;-;0.0;6
GRE;2024031717;12.0;-;-;0.0;2
GRE;2024031718;11.1;-;-;0.0;1
GRE;2024031719;10.1;-;-;0.0;0
GRE;2024031720;9.1;-;-;0.0;0
GRE;2024031721;8.1;-;-;0.0;0
GRE;2024031722;7.3;-;-;0.0;0
GRE;2024031723;6.6;-;-;0.0;0
GRE;2024031800;6.0;13.5;5.0;0.0;0
GRE;2024031801;5.5;-;-;0.0;0
GRE;2024031802;5.2;-;-;0.0;0
GRE;2024031803;5.0;-;-;0.0;0
GRE;2024031804;5.2;-;-;0.0;0
GRE;2024031805;5.8;-;-;0.0;0
GRE;2024031806;6.8;-;-;0.0;0
GRE;2024031807;8.0;-;-;0.0;0
GRE;2024031808;9.3;-;-;0.0;2
GRE;2024031809;10.6;-;-;0.0;5
GRE;2024031810;11.7;-;-;0.0;7
GRE;2024031811;12.6;-;-;0.0;7
GRE;2024031812;13.2;-;-;0.0;5
GRE;2024031813;13.5;-;-;0.0;3
GRE;2024031814;13.5;-;-;0.0;4
GRE;2024031815;13.3;-;-;0.0;6
GRE;2024031816;12.8;-;-;0.0;9
GRE;2024031817;12.1;-;-;0.0;10
GRE;2024031818;11.3;-;-;0.0;10
GRE;2024031819;10.3;-;-;0.0;0
GRE;2024031820;9.3;-;-;0.0;0
GRE;2024031821;8.3;-;-;0.0;0
GRE;2024031822;7.5;-;-;0.0;0
GRE;2024031823;6.7;-;-;0.0;0
GRE;2024031900;5.9;15.4;4.6;0.0;0
GRE;2024031901;5.3;-;-;0.0;0
GRE;2024031902;4.8;-;-;0.0;0
GRE;2024031903;4.6;-;-;0.0;0
GRE;2024031904;4.7;-;-;0.0;0
GRE;2024031905;5.2;-;-;0.0;0
GRE;2024031906;6.2;-;-;0.0;0
GRE;2024031907;7.7;-;-;0.0;7
GRE;2024031908;9.4;-;-;0.0;6
GRE;2024031909;11.1;-;-;0.0;7
GRE;2024031910;12.7;-;-;0.0;10
GRE;2024031911;14.0;-;-;0.0;16
GRE;2024031912;15.0;-;-;0.0;19
GRE;2024031913;15.4;-;-;0.0;21
GRE;2024031914;15.4;-;-;0.0;21
GRE;2024031915;15.0;-;-;0.0;16
GRE;2024031916;14.2;-;-;0.0;12
GRE;2024031917;13.1;-;-;0.0;10
GRE;2024031918;11.8;-;-;0.0;9
GRE;2024031919;10.4;-;-;0.0;0
GRE;2024031920;9.0;-;-;0.0;0
GRE;2024031921;7.8;-;-;0.0;0
GRE;2024031922;6.6;-;-;0.0;0
GRE;2024031923;5.6;-;-;0.0;0
GRE;2024032000;4.8;15.8;3.2;0.0;0
GRE;2024032001;4.1;-;-;0.0;0
GRE;2024032002;3.5;-;-;0.0;0
GRE;2024032003;3.2;-;-;0.0;0
GRE;2024032004;3.3;-;-;0.0;0
GRE;2024032005;3.9;-;-;0.0;0
GRE;2024032006;4.9;-;-;0.0;0
GRE;2024032007;6.5;-;-;0.0;0
GRE;2024032008;8.4;-;-;0.0;15
GRE;2024032009;10.3;-;-;0.0;25
GRE;2024032010;12.2;-;-;0.0;28
GRE;2024032011;13.8;-;-;0.0;23
GRE;2024032012;15.0;-;-;0.0;18
GRE;2024032013;15.7;-;-;0.0;15
GRE;2024032014;15.8;-;-;0.0;15
GRE;2024032015;15.5;-;-;0.0;18
GRE;2024032016;14.8;-;-;0.0;17
GRE;2024032017;13.7;-;-;0.0;10
GRE;2024032018;12.4;-;-;0.0;3
GRE;2024032019;11.0;-;-;0.0;0
GRE;2024032020;9.7;-;-;0.0;0
GRE;2024032021;8.4;-;-;0.0;0
GRE;2024032022;7.3;-;-;0.0;0
GRE;2024032023;6.3;-;-;0.0;0
GRE;2024032100;5.4;15.2;4.0;0.0;0
GRE;2024032101;4.7;-;-;0.0;0
GRE;2024032102;4.2;-;-;0.0;0
GRE;2024032103;4.0;-;-;0.0;0
GRE;2024032104;4.2;-;-;0.0;0
GRE;2024032105;4.8;-;-;0.0;0
GRE;2024032106;5.9;-;-;0.0;0
GRE;2024032107;7.3;-;-;0.0;0
GRE;2024032108;9.1;-;-;0.0;11
GRE;2024032109;10.8;-;-;0.0;12
GRE;2024032110;12.5;-;-;0.0;11
GRE;2024032111;13.8;-;-;0.0;8
GRE;2024032112;14.7;-;-;0.0;6
GRE;2024032113;15.2;-;-;0.0;8
GRE;2024032114;15.2;-;-;0.0;9
GRE;2024032115;14.7;-;-;0.0;10
GRE;2024032116;13.9;-;-;0.0;9
GRE;2024032117;12.7;-;-;0.0;6
GRE;2024032118;11.3;-;-;0.0;3
GRE;2024032119;9.9;-;-;0.0;0
GRE;2024032120;8.6;-;-;0.0;0
GRE;2024032121;7.3;-;-;0.0;0
GRE;2024032122;6.3;-;-;0.0;0
GRE;2024032123;5.4;-;-;0.0;0
GRE;2024032200;4.7;15.7;3.7;0.0;0
LUG;2024031500;9.1;14.8;8.2;0.0;0
LUG;2024031501;8.6;-;-;0.0;0
LUG;2024031502;8.3;-;-;0.0;0
LUG;2024031503;8.2;-;-;0.0;0
LUG;2024031504;8.2;-;-;0.0;0
LUG;2024031505;8.4;-;-;0.0;0
LUG;2024031506;8.9;-;-;0.0;0
LUG;2024031507;9.6;-;-;0.0;1
LUG;2024031508;10.5;-;-;0.0;6
LUG;2024031509;11.4;-;-;0.0;11
LUG;2024031510;12.4;-;-;0.0;12
LUG;2024031511;13.3;-;-;0.0;11
LUG;2024031512;14.1;-;-;0.0;11
LUG;2024031513;14.6;-;-;0.0;11
LUG;2024031514;14.8;-;-;0.0;10
LUG;2024031515;14.8;-;-;0.0;8
LUG;2024031516;14.6;-;-;0.0;4
LUG;2024031517;14.2;-;-;0.0;1
LUG;2024031518;13.6;-;-;0.0;0
LUG;2024031519;13.1;-;-;0.0;0
LUG;2024031520;12.4;-;-;0.0;0
LUG;2024031521;11.8;-;-;0.0;0
LUG;2024031522;11.3;-;-;0.0;0
LUG;2024031523;10.7;-;-;0.0;0
LUG;2024031600;10.1;18.7;8.3;0.0;0
LUG;2024031601;9.5;-;-;0.0;0
LUG;2024031602;8.9;-;-;0.0;0
LUG;2024031603;8.5;-;-;0.0;0
LUG;2024031604;8.3;-;-;0.0;0
LUG;2024031605;8.6;-;-;0.0;0
LUG;2024031606;9.4;-;-;0.0;0
LUG;2024031607;10.6;-;-;0.0;43
LUG;2024031608;12.2;-;-;0.0;57
LUG;2024031609;14.0;-;-;0.0;60
LUG;2024031610;15.8;-;-;0.0;60
LUG;2024031611;17.2;-;-;0.0;59
LUG;2024031612;18.3;-;-;0.0;59
LUG;2024031613;18.7;-;-;0.0;60
LUG;2024031614;18.5;-;-;0.0;60
LUG;2024031615;17.8;-;-;0.0;60
LUG;2024031616;16.7;-;-;0.0;60
LUG;2024031617;15.3;-;-;0.0;55
LUG;2024031618;13.9;-;-;0.0;3
LUG;2024031619;12.5;-;-;0.0;0
LUG;2024031620;11.4;-;-;0.0;0
LUG;2024031621;10.6;-;-;0.0;0
LUG;2024031622;9.9;-;-;0.0;0
LUG;2024031623;9.4;-;-;0.0;0
LUG;2024031700;8.9;16.3;7.4;0.0;0
LUG;2024031701;8.4;-;-;0.0;0
LUG;2024031702;8.0;-;-;0.0;0
LUG;2024031703;7.6;-;-;0.0;0
LUG;2024031704;7.4;-;-;0.0;0
LUG;2024031705;7.6;-;-;0.0;0
LUG;2024031706;8.2;-;-;0.0;0
LUG;2024031707;9.2;-;-;0.0;14
LUG;2024031708;10.5;-;-;0.0;15
LUG;2024031709;12.0;-;-;0.0;10
LUG;2024031710;13.5;-;-;0.0;10
LUG;2024031711;14.7;-;-;0.0;10
LUG;2024031712;15.7;-;-;0.0;11
LUG;2024031713;16.2;-;-;0.0;10
LUG;2024031714;16.3;-;-;0.0;10
LUG;2024031715;16.0;-;-;0.0;12
LUG;2024031716;15.3;-;-;0.0;11
LUG;2024031717;14.5;-;-;0.0;6
LUG;2024031718;13.5;-;-;0.0;6
LUG;2024031719;12.5;-;-;0.0;0
LUG;2024031720;11.6;-;-;0.0;0
LUG;2024031721;10.8;-;-;0.0;0
LUG;2024031722;10.1;-;-;0.0;0
LUG;2024031723;9.5;-;-;0.0;0
LUG;2024031800;9.0;16.3;8.2;0.0;0
LUG;2024031801;8.6;-;-;0.0;0
LUG;2024031802;8.3;-;-;0.0;0
LUG;2024031803;8.2;-;-;0.0;0
LUG;2024031804;8.2;-;-;0.0;0
LUG;2024031805;8.6;-;-;0.0;0
LUG;2024031806;9.3;-;-;0.0;0
LUG;2024031807;10.3;-;-;0.0;3
LUG;2024031808;11.5;-;-;0.0;6
LUG;2024031809;12.8;-;-;0.0;9
LUG;2024031810;14.1;-;-;0.0;9
LUG;2024031811;15.1;-;-;0.0;9
LUG;2024031812;15.9;-;-;0.0;9
LUG;2024031813;16.3;-;-;0.0;10
LUG;2024031814;16.3;-;-;0.0;11
LUG;2024031815;15.9;-;-;0.0;13
LUG;2024031816;15.2;-;-;0.0;14
LUG;2024031817;14.4;-;-;0.0;11
LUG;2024031818;13.4;-;-;0.0;6
LUG;2024031819;12.4;-;-;0.0;0
LUG;2024031820;11.6;-;-;0.0;0
LUG;2024031821;10.8;-;-;0.0;0
LUG;2024031822;10.2;-;-;0.0;0
LUG;2024031823;9.6;-;-;0.0;0
LUG;2024031900;9.2;17.1;8.4;0.0;0
LUG;2024031901;8.8;-;-;0.0;0
LUG;2024031902;8.5;-;-;0.0;0
LUG;2024031903;8.4;-;-;0.0;0
LUG;2024031904;8.4;-;-;0.0;0
LUG;2024031905;8.8;-;-;0.0;0
LUG;2024031906;9.6;-;-;0.0;0
LUG;2024031907;10.6;-;-;0.0;50
LUG;2024031908;11.9;-;-;0.0;53
LUG;2024031909;13.3;-;-;0.0;54
LUG;2024031910;14.7;-;-;0.0;52
LUG;2024031911;15.9;-;-;0.0;47
LUG;2024031912;16.7;-;-;0.0;46
LUG;2024031913;17.1;-;-;0.0;44
LUG;2024031914;17.1;-;-;0.0;44
LUG;2024031915;16.7;-;-;0.0;40
LUG;2024031916;15.9;-;-;0.0;37
LUG;2024031917;14.9;-;-;0.0;36
LUG;2024031918;13.8;-;-;0.0;7
LUG;2024031919;12.6;-;-;0.0;0
LUG;2024031920;11.6;-;-;0.0;0
LUG;2024031921;10.8;-;-;0.0;0
LUG;2024031922;10.1;-;-;0.0;0
LUG;2024031923;9.6;-;-;0.0;0
LUG;2024032000;9.3;15.1;8.8;0.0;0
LUG;2024032001;9.0;-;-;0.0;0
LUG;2024032002;8.8;-;-;0.0;0
LUG;2024032003;8.8;-;-;0.0;0
LUG;2024032004;8.9;-;-;0.0;0
LUG;2024032005;9.2;-;-;0.0;0
LUG;2024032006;9.8;-;-;0.0;0
LUG;2024032007;10.5;-;-;0.0;4
LUG;2024032008;11.4;-;-;0.0;2
LUG;2024032009;12.4;-;-;0.0;1
LUG;2024032010;13.4;-;-;0.0;0
LUG;2024032011;14.2;-;-;0.0;0
LUG;2024032012;14.8;-;-;0.0;0
LUG;2024032013;15.1;-;-;0.0;2
LUG;2024032014;15.1;-;-;0.0;5
LUG;2024032015;14.8;-;-;0.0;7
LUG;2024032016;14.3;-;-;0.0;7
LUG;2024032017;13.6;-;-;0.0;4
LUG;2024032018;12.8;-;-;0.0;1
LUG;2024032019;12.0;-;-;0.0;0
LUG;2024032020;11.3;-;-;0.0;0
LUG;2024032021;10.6;-;-;0.0;0
LUG;2024032022;10.1;-;-;0.0;0
LUG;2024032023;9.7;-;-;0.0;0
LUG;2024032100;9.4;15.0;8.8;0.0;0
LUG;2024032101;9.1;-;-;0.0;0
LUG;2024032102;8.9;-;-;0.0;0
LUG;2024032103;8.8;-;-;0.0;0
LUG;2024032104;8.9;-;-;0.0;0
LUG;2024032105;9.1;-;-;0.0;0
LUG;2024032106;9.6;-;-;0.0;0
LUG;2024032107;10.4;-;-;0.0;2
LUG;2024032108;11.3;-;-;0.0;2
LUG;2024032109;12.3;-;-;0.0;2
LUG;2024032110;13.3;-;-;0.0;2
LUG;2024032111;14.1;-;-;0.0;2
LUG;2024032112;14.7;-;-;0.0;2
LUG;2024032113;15.0;-;-;0.0;3
LUG;2024032114;15.0;-;-;0.0;5
LUG;2024032115;14.6;-;-;0.0;10
LUG;2024032116;14.0;-;-;0.0;12
LUG;2024032117;13.2;-;-;0.0;9
LUG;2024032118;12.3;-;-;0.0;4
LUG;2024032119;11.5;-;-;0.0;0
LUG;2024032120;10.7;-;-;0.0;0
LUG;2024032121;10.1;-;-;0.0;0
LUG;2024032122;9.6;-;-;0.0;0
LUG;2024032123;9.1;-;-;0.0;0
LUG;2024032200;8.8;17.9;8.1;0.0;0
LUZ;2024031500;7.4;15.7;7.4;0.0;0
LUZ;2024031501;8.7;-;-;0.0;0
LUZ;2024031502;8.2;-;-;0.0;0
LUZ;2024031503;7.8;-;-;0.0;0
LUZ;2024031504;7.7;-;-;0.0;0
LUZ;2024031505;7.8;-;-;0.1;0
LUZ;2024031506;8.3;-;-;0.0;0
LUZ;2024031507;9.1;-;-;0.0;2
LUZ;2024031508;10.5;-;-;0.0;4
LUZ;2024031509;12.0;-;-;0.0;5
LUZ;2024031510;13.4;-;-;0.0;4
LUZ;2024031511;14.6;-;-;0.0;6
LUZ;2024031512;15.3;-;-;0.0;8
LUZ;2024031513;15.7;-;-;0.0;7
LUZ;2024031514;15.6;-;-;0.0;5
LUZ;2024031515;15.1;-;-;0.0;4
LUZ;2024031516;14.4;-;-;0.0;4
LUZ;2024031517;13.5;-;-;0.0;2
LUZ;2024031518;12.5;-;-;0.0;4
LUZ;2024031519;11.5;-;-;0.0;0
LUZ;2024031520;10.7;-;-;0.0;0
LUZ;2024031521;9.9;-;-;0.0;0
LUZ;2024031522;9.3;-;-;0.0;0
LUZ;2024031523;8.8;-;-;0.0;0
LUZ;2024031600;8.3;15.2;7.6;0.0;0
LUZ;2024031601;7.9;-;-;0.0;0
LUZ;2024031602;7.7;-;-;0.0;0
LUZ;2024031603;7.6;-;-;0.0;0
LUZ;2024031604;7.7;-;-;0.0;0
LUZ;2024031605;8.2;-;-;0.0;0
LUZ;2024031606;8.9;-;-;0.0;0
LUZ;2024031607;9.8;-;-;0.0;12
LUZ;2024031608;11.0;-;-;0.0;11
LUZ;2024031609;12.1;-;-;0.0;14
LUZ;2024031610;13.3;-;-;0.0;16
LUZ;2024031611;14.2;-;-;0.0;14
LUZ;2024031612;14.9;-;-;0.0;14
LUZ;2024031613;15.2;-;-;0.0;16
LUZ;2024031614;15.1;-;-;0.0;18
LUZ;2024031615;14.6;-;-;0.0;21
LUZ;2024031616;13.7;-;-;0.0;19
LUZ;2024031617;12.7;-;-;0.0;18
LUZ;2024031618;11.6;-;-;0.0;6
LUZ;2024031619;10.6;-;-;0.0;0
LUZ;2024031620;9.7;-;-;0.0;0
LUZ;2024031621;8.9;-;-;0.0;0
LUZ;2024031622;8.3;-;-;0.0;0
LUZ;2024031623;7.6;-;-;0.0;0
LUZ;2024031700;6.9;13.4;4.3;0.0;0
LUZ;2024031701;6.1;-;-;0.0;0
LUZ;2024031702;5.3;-;-;0.0;0
LUZ;2024031703;4.6;-;-;0.0;0
LUZ;2024031704;4.3;-;-;0.0;0
LUZ;2024031705;4.4;-;-;0.0;0
LUZ;2024031706;5.2;-;-;0.0;0
LUZ;2024031707;6.4;-;-;0.0;6
LUZ;2024031708;7.9;-;-;0.0;8
LUZ;2024031709;9.4;-;-;0.0;8
LUZ;2024031710;10.8;-;-;0.0;9
LUZ;2024031711;12.0;-;-;0.0;9
LUZ;2024031712;12.8;-;-;0.0;9
LUZ;2024031713;13.3;-;-;0.0;8
LUZ;2024031714;13.4;-;-;0.0;7
LUZ;2024031715;13.2;-;-;0.0;6
LUZ;2024031716;12.8;-;-;0.0;6
LUZ;2024031717;12.2;-;-;0.0;3
LUZ;2024031718;11.5;-;-;0.0;0
LUZ;2024031719;10.8;-;-;0.0;0
LUZ;2024031720;10.0;-;-;0.0;0
LUZ;2024031721;9.3;-;-;0.0;0
LUZ;2024031722;8.7;-;-;0.0;0
LUZ;2024031723;8.1;-;-;0.0;0
LUZ;2024031800;7.6;14.6;6.7;0.0;0
LUZ;2024031801;7.2;-;-;0.0;0
LUZ;2024031802;6.8;-;-;0.0;0
LUZ;2024031803;6.7;-;-;0.0;0
LUZ;2024031804;6.8;-;-;0.0;0
LUZ;2024031805;7.3;-;-;0.0;0
LUZ;2024031806;8.1;-;-;0.0;0
LUZ;2024031807;9.2;-;-;0.0;0
LUZ;2024031808;10.5;-;-;0.0;1
LUZ;2024031809;11.8;-;-;0.0;3
LUZ;2024031810;13.0;-;-;0.0;6
LUZ;2024031811;13.9;-;-;0.0;8
LUZ;2024031812;14.4;-;-;0.0;6
LUZ;2024031813;14.6;-;-;0.0;6
LUZ;2024031814;14.5;-;-;0.0;4
LUZ;2024031815;14.0;-;-;0.0;3
LUZ;2024031816;13.4;-;-;0.0;4
LUZ;2024031817;12.6;-;-;0.0;4
LUZ;2024031818;11.7;-;-;0.0;1
LUZ;2024031819;10.8;-;-;0.0;0
LUZ;2024031820;10.0;-;-;0.0;0
LUZ;2024031821;9.2;-;-;0.0;0
LUZ;2024031822;8.5;-;-;0.0;0
LUZ;2024031823;7.9;-;-;0.0;0
LUZ;2024031900;7.3;15.4;6.1;0.0;0
LUZ;2024031901;6.8;-;-;0.0;0
LUZ;2024031902;6.4;-;-;0.0;0
LUZ;2024031903;6.1;-;-;0.0;0
LUZ;2024031904;6.1;-;-;0.0;0
LUZ;2024031905;6.4;-;-;0.0;0
LUZ;2024031906;7.2;-;-;0.0;0
LUZ;2024031907;8.3;-;-;0.0;7
LUZ;2024031908;9.7;-;-;0.0;13
LUZ;2024031909;11.1;-;-;0.0;22
LUZ;2024031910;12.5;-;-;0.0;23
LUZ;2024031911;13.7;-;-;0.0;24
LUZ;2024031912;14.7;-;-;0.0;22
LUZ;2024031913;15.2;-;-;0.0;24
LUZ;2024031914;15.4;-;-;0.0;25
LUZ;2024031915;15.1;-;-;0.0;18
LUZ;2024031916;14.4;-;-;0.0;17
LUZ;2024031917;13.4;-;-;0.0;13
LUZ;2024031918;12.3;-;-;0.0;6
LUZ;2024031919;11.1;-;-;0.0;0
LUZ;2024031920;9.9;-;-;0.0;0
LUZ;2024031921;8.9;-;-;0.0;0
LUZ;2024031922;8.0;-;-;0.0;0
LUZ;2024031923;7.3;-;-;0.0;0
LUZ;2024032000;6.7;15.5;5.3;0.0;0
LUZ;2024032001;6.1;-;-;0.0;0
LUZ;2024032002;5.7;-;-;0.0;0
LUZ;2024032003;5.4;-;-;0.0;0
LUZ;2024032004;5.3;-;-;0.0;0
LUZ;2024032005;5.6;-;-;0.0;0
LUZ;2024032006;6.4;-;-;0.0;1
LUZ;2024032007;7.6;-;-;0.0;39
LUZ;2024032008;9.1;-;-;0.0;39
LUZ;2024032009;10.8;-;-;0.0;42
LUZ;2024032010;12.4;-;-;0.0;42
LUZ;2024032011;13.8;-;-;0.0;40
LUZ;2024032012;14.8;-;-;0.0;37
LUZ;2024032013;15.4;-;-;0.0;33
LUZ;2024032014;15.5;-;-;0.0;30
LUZ;2024032015;15.1;-;-;0.0;29
LUZ;2024032016;14.4;-;-;0.0;24
LUZ;2024032017;13.4;-;-;0.0;13
LUZ;2024032018;12.3;-;-;0.0;4
LUZ;2024032019;11.1;-;-;0.0;0
LUZ;2024032020;10.0;-;-;0.0;0
LUZ;2024032021;9.0;-;-;0.0;0
LUZ;2024032022;8.1;-;-;0.0;0
LUZ;2024032023;7.4;-;-;0.0;0
LUZ;2024032100;6.7;14.8;5.3;0.0;0
LUZ;2024032101;6.1;-;-;0.0;0
LUZ;2024032102;5.6;-;-;0.0;0
LUZ;2024032103;5.3;-;-;0.0;0
LUZ;2024032104;5.3;-;-;0.0;0
LUZ;2024032105;5.7;-;-;0.0;0
LUZ;2024032106;6.4;-;-;0.0;3
LUZ;2024032107;7.6;-;-;0.0;11
LUZ;2024032108;9.1;-;-;0.0;15
LUZ;2024032109;10.6;-;-;0.0;19
LUZ;2024032110;12.1;-;-;0.0;19
LUZ;2024032111;13.4;-;-;0.0;19
LUZ;2024032112;14.3;-;-;0.0;21
LUZ;2024032113;14.8;-;-;0.0;22
LUZ;2024032114;14.8;-;-;0.0;19
LUZ;2024032115;14.3;-;-;0.0;14
LUZ;2024032116;13.5;-;-;0.0;9
LUZ;2024032117;12.4;-;-;0.0;4
LUZ;2024032118;11.2;-;-;0.0;1
LUZ;2024032119;10.0;-;-;0.0;0
LUZ;2024032120;8.9;-;-;0.0;0
LUZ;2024032121;8.0;-;-;0.0;0
LUZ;2024032122;7.2;-;-;0.0;0
LUZ;2024032123;6.6;-;-;0.0;0
LUZ;2024032200;6.0;15.0;5.0;0.0;0
PUY;2024031500;11.5;15.3;9.7;0.0;0
PUY;2024031501;11.3;-;-;0.0;0
PUY;2024031502;10.9;-;-;0.0;0
PUY;2024031503;10.5;-;-;0.1;0
PUY;2024031504;10.2;-;-;0.0;0
PUY;2024031505;10.1;-;-;0.0;0
PUY;2024031506;10.1;-;-;0.0;0
PUY;2024031507;10.4;-;-;0.0;2
PUY;2024031508;11.1;-;-;0.0;4
PUY;2024031509;11.8;-;-;0.0;8
PUY;2024031510;12.7;-;-;0.0;9
PUY;2024031511;13.5;-;-;0.0;6
PUY;2024031512;14.2;-;-;0.0;4
PUY;2024031513;14.9;-;-;0.0;4
PUY;2024031514;15.2;-;-;0.0;5
PUY;2024031515;15.3;-;-;0.0;12
PUY;2024031516;15.1;-;-;0.0;14
PUY;2024031517;14.6;-;-;0.0;8
PUY;2024031518;13.7;-;-;0.0;3
PUY;2024031519;12.8;-;-;0.0;0
PUY;2024031520;11.8;-;-;0.0;0
PUY;2024031521;10.9;-;-;0.4;0
PUY;2024031522;10.2;-;-;0.4;0
PUY;2024031523;9.7;-;-;0.4;0
PUY;2024031600;9.3;14.8;8.1;0.3;0
PUY;2024031601;8.9;-;-;0.3;0
PUY;2024031602;8.7;-;-;0.1;0
PUY;2024031603;8.5;-;-;0.0;0
PUY;2024031604;8.5;-;-;0.0;0
PUY;2024031605;8.6;-;-;0.0;0
PUY;2024031606;9.0;-;-;0.0;0
PUY;2024031607;9.7;-;-;0.0;6
PUY;2024031608;10.5;-;-;0.0;9
PUY;2024031609;11.6;-;-;0.0;11
PUY;2024031610;12.6;-;-;0.0;18
PUY;2024031611;13.6;-;-;0.0;23
PUY;2024031612;14.3;-;-;0.0;31
PUY;2024031613;14.7;-;-;0.0;37
PUY;2024031614;14.8;-;-;0.0;35
PUY;2024031615;14.4;-;-;0.0;39
PUY;2024031616;13.7;-;-;0.0;38
PUY;2024031617;12.8;-;-;0.0;40
PUY;2024031618;11.7;-;-;0.0;22
PUY;2024031619;10.7;-;-;0.0;0
PUY;2024031620;9.8;-;-;0.0;0
PUY;2024031621;9.1;-;-;0.0;0
PUY;2024031622;8.5;-;-;0.0;0
PUY;2024031623;8.1;-;-;0.0;0
PUY;2024031700;7.7;12.5;7.0;0.0;0
PUY;2024031701;7.4;-;-;0.0;0
PUY;2024031702;7.2;-;-;0.0;0
PUY;2024031703;7.1;-;-;0.0;0
PUY;2024031704;7.0;-;-;0.0;0
PUY;2024031705;7.2;-;-;0.0;0
PUY;2024031706;7.5;-;-;0.0;0
PUY;2024031707;8.1;-;-;0.0;2
PUY;2024031708;8.8;-;-;0.0;5
PUY;2024031709;9.6;-;-;0.0;8
PUY;2024031710;10.4;-;-;0.0;9
PUY;2024031711;11.2;-;-;0.0;9
PUY;2024031712;11.8;-;-;0.0;9
PUY;2024031713;12.3;-;-;0.0;9
PUY;2024031714;12.5;-;-;0.0;10
PUY;2024031715;12.5;-;-;0.0;10
PUY;2024031716;12.4;-;-;0.0;8
PUY;2024031717;12.0;-;-;0.0;4
PUY;2024031718;11.6;-;-;0.0;1
PUY;2024031719;11.1;-;-;0.0;0
PUY;2024031720;10.7;-;-;0.0;0
PUY;2024031721;10.3;-;-;0.0;0
PUY;2024031722;10.1;-;-;0.0;0
PUY;2024031723;9.8;-;-;0.0;0
PUY;2024031800;9.6;13.0;8.7;0.0;0
PUY;2024031801;9.3;-;-;0.0;0
PUY;2024031802;9.0;-;-;0.0;0
PUY;2024031803;8.8;-;-;0.0;0
PUY;2024031804;8.7;-;-;0.0;0
PUY;2024031805;8.8;-;-;0.0;0
PUY;2024031806;9.2;-;-;0.0;0
PUY;2024031807;9.8;-;-;0.0;1
PUY;2024031808;10.5;-;-;0.0;2
PUY;2024031809;11.2;-;-;0.0;4
PUY;2024031810;11.8;-;-;0.0;5
PUY;2024031811;12.3;-;-;0.0;6
PUY;2024031812;12.7;-;-;0.0;7
PUY;2024031813;12.9;-;-;0.0;7
PUY;2024031814;13.0;-;-;0.0;7
PUY;2024031815;12.8;-;-;0.0;10
PUY;2024031816;12.5;-;-;0.0;11
PUY;2024031817;12.1;-;-;0.0;8
PUY;2024031818;11.6;-;-;0.0;4
PUY;2024031819;11.0;-;-;0.0;0
PUY;2024031820;10.4;-;-;0.0;0
PUY;2024031821;9.9;-;-;0.0;0
PUY;2024031822;9.4;-;-;0.0;0
PUY;2024031823;8.9;-;-;0.0;0
PUY;2024031900;8.5;14.8;7.7;0.0;0
PUY;2024031901;8.1;-;-;0.0;0
PUY;2024031902;7.8;-;-;0.0;0
PUY;2024031903;7.7;-;-;0.0;0
PUY;2024031904;7.7;-;-;0.0;0
PUY;2024031905;8.0;-;-;0.0;0
PUY;2024031906;8.6;-;-;0.0;0
PUY;2024031907;9.5;-;-;0.0;18
PUY;2024031908;10.5;-;-;0.0;20
PUY;2024031909;11.7;-;-;0.0;22
PUY;2024031910;12.7;-;-;0.0;23
PUY;2024031911;13.6;-;-;0.0;27
PUY;2024031912;14.3;-;-;0.0;31
PUY;2024031913;14.7;-;-;0.0;23
PUY;2024031914;14.8;-;-;0.0;19
PUY;2024031915;14.6;-;-;0.0;18
PUY;2024031916;14.1;-;-;0.0;12
PUY;2024031917;13.3;-;-;0.0;11
PUY;2024031918;12.4;-;-;0.0;10
PUY;2024031919;11.4;-;-;0.0;0
PUY;2024031920;10.5;-;-;0.0;0
PUY;2024031921;9.7;-;-;0.0;0
PUY;2024031922;9.1;-;-;0.0;0
PUY;2024031923;8.6;-;-;0.0;0
PUY;2024032000;8.3;14.9;7.6;0.0;0
PUY;2024032001;8.0;-;-;0.0;0
PUY;2024032002;7.8;-;-;0.0;0
PUY;2024032003;7.6;-;-;0.0;0
PUY;2024032004;7.6;-;-;0.0;0
PUY;2024032005;7.7;-;-;0.0;0
PUY;2024032006;8.2;-;-;0.0;0
PUY;2024032007;9.0;-;-;0.0;13
PUY;2024032008;10.1;-;-;0.0;23
PUY;2024032009;11.3;-;-;0.0;30
PUY;2024032010;12.6;-;-;0.0;30
PUY;2024032011;13.6;-;-;0.0;29
PUY;2024032012;14.4;-;-;0.0;29
PUY;2024032013;14.9;-;-;0.0;28
PUY;2024032014;14.9;-;-;0.0;27
PUY;2024032015;14.6;-;-;0.0;25
PUY;2024032016;14.0;-;-;0.0;21
PUY;2024032017;13.2;-;-;0.0;13
PUY;2024032018;12.3;-;-;0.0;5
PUY;2024032019;11.4;-;-;0.0;0
PUY;2024032020;10.6;-;-;0.0;0
PUY;2024032021;10.0;-;-;0.0;0
PUY;2024032022;9.5;-;-;0.0;0
PUY;2024032023;9.1;-;-;0.0;0
PUY;2024032100;8.8;14.1;8.4;0.0;0
PUY;2024032101;8.6;-;-;0.0;0
PUY;2024032102;8.5;-;-;0.0;0
PUY;2024032103;8.4;-;-;0.0;0
PUY;2024032104;8.4;-;-;0.0;0
PUY;2024032105;8.6;-;-;0.0;0
PUY;2024032106;8.9;-;-;0.0;0
PUY;2024032107;9.5;-;-;0.0;7
PUY;2024032108;10.3;-;-;0.0;14
PUY;2024032109;11.3;-;-;0.0;19
PUY;2024032110;12.3;-;-;0.0;22
PUY;2024032111;13.2;-;-;0.0;25
PUY;2024032112;13.8;-;-;0.0;27
PUY;2024032113;14.1;-;-;0.0;28
PUY;2024032114;14.0;-;-;0.0;25
PUY;2024032115;13.6;-;-;0.0;21
PUY;2024032116;12.9;-;-;0.0;15
PUY;2024032117;12.1;-;-;0.0;8
PUY;2024032118;11.2;-;-;0.0;3
PUY;2024032119;10.4;-;-;0.0;0
PUY;2024032120;9.6;-;-;0.0;0
PUY;2024032121;9.1;-;-;0.0;0
PUY;2024032122;8.7;-;-;0.0;0
PUY;2024032123;8.4;-;-;0.0;0
PUY;2024032200;8.1;15.1;7.6;0.0;0
SIO;2024031500;8.5;17.5;7.0;0.0;0
SIO;2024031501;8.9;-;-;0.0;0
SIO;2024031502;8.0;-;-;0.0;0
SIO;2024031503;7.3;-;-;0.0;0
SIO;2024031504;7.0;-;-;0.0;0
SIO;2024031505;7.1;-;-;0.0;0
SIO;2024031506;7.8;-;-;0.0;0
SIO;2024031507;8.9;-;-;0.0;14
SIO;2024031508;10.7;-;-;0.0;16
SIO;2024031509;12.6;-;-;0.0;9
SIO;2024031510;14.4;-;-;0.0;8
SIO;2024031511;15.9;-;-;0.0;8
SIO;2024031512;16.9;-;-;0.0;10
SIO;2024031513;17.5;-;-;0.0;10
SIO;2024031514;17.5;-;-;0.0;6
SIO;2024031515;17.0;-;-;0.0;3
SIO;2024031516;16.1;-;-;0.0;2
SIO;2024031517;14.9;-;-;0.0;5
SIO;2024031518;13.6;-;-;0.0;0
SIO;2024031519;12.3;-;-;0.0;0
SIO;2024031520;11.1;-;-;0.0;0
SIO;2024031521;10.1;-;-;0.0;0
SIO;2024031522;9.1;-;-;0.1;0
SIO;2024031523;8.3;-;-;0.2;0
SIO;2024031600;7.6;17.6;6.2;0.4;0
SIO;2024031601;7.0;-;-;0.2;0
SIO;2024031602;6.6;-;-;0.1;0
SIO;2024031603;6.3;-;-;0.1;0
SIO;2024031604;6.5;-;-;0.0;0
SIO;2024031605;7.0;-;-;0.0;0
SIO;2024031606;8.0;-;-;0.0;0
SIO;2024031607;9.4;-;-;0.0;5
SIO;2024031608;11.1;-;-;0.0;5
SIO;2024031609;12.9;-;-;0.0;5
SIO;2024031610;14.6;-;-;0.0;17
SIO;2024031611;16.1;-;-;0.0;31
SIO;2024031612;17.1;-;-;0.0;33
SIO;2024031613;17.6;-;-;0.0;37
SIO;2024031614;17.5;-;-;0.0;39
SIO;2024031615;16.8;-;-;0.0;40
SIO;2024031616;15.6;-;-;0.0;40
SIO;2024031617;14.2;-;-;0.0;40
SIO;2024031618;12.5;-;-;0.0;0
SIO;2024031619;11.0;-;-;0.0;0
SIO;2024031620;9.5;-;-;0.0;0
SIO;2024031621;8.3;-;-;0.0;0
SIO;2024031622;7.2;-;-;0.0;0
SIO;2024031623;6.2;-;-;0.0;0
SIO;2024031700;5.4;15.3;3.7;0.0;0
SIO;2024031701;4.7;-;-;0.0;0
SIO;2024031702;4.2;-;-;0.0;0
SIO;2024031703;3.8;-;-;0.0;0
SIO;2024031704;3.7;-;-;0.0;0
SIO;2024031705;4.0;-;-;0.0;0
SIO;2024031706;4.7;-;-;0.0;0
SIO;2024031707;5.8;-;-;0.0;4
SIO;2024031708;7.3;-;-;0.0;6
SIO;2024031709;9.1;-;-;0.0;9
SIO;2024031710;10.9;-;-;0.0;9
SIO;2024031711;12.5;-;-;0.0;10
SIO;2024031712;13.9;-;-;0.0;10
SIO;2024031713;14.9;-;-;0.0;8
SIO;2024031714;15.3;-;-;0.0;8
SIO;2024031715;15.2;-;-;0.0;8
SIO;2024031716;14.7;-;-;0.0;5
SIO;2024031717;13.8;-;-;0.0;3
SIO;2024031718;12.7;-;-;0.0;0
SIO;2024031719;11.5;-;-;0.0;0
SIO;2024031720;10.3;-;-;0.0;0
SIO;2024031721;9.3;-;-;0.0;0
SIO;2024031722;8.4;-;-;0.0;0
SIO;2024031723;7.6;-;-;0.0;0
SIO;2024031800;6.9;14.8;5.7;0.0;0
SIO;2024031801;6.3;-;-;0.0;0
SIO;2024031802;5.9;-;-;0.0;0
SIO;2024031803;5.7;-;-;0.0;0
SIO;2024031804;5.8;-;-;0.0;0
SIO;2024031805;6.3;-;-;0.0;0
SIO;2024031806;7.1;-;-;0.0;0
SIO;2024031807;8.3;-;-;0.0;1
SIO;2024031808;9.6;-;-;0.0;3
SIO;2024031809;11.1;-;-;0.0;6
SIO;2024031810;12.4;-;-;0.0;7
SIO;2024031811;13.5;-;-;0.0;7
SIO;2024031812;14.3;-;-;0.0;8
SIO;2024031813;14.7;-;-;0.0;10
SIO;2024031814;14.8;-;-;0.0;9
SIO;2024031815;14.6;-;-;0.0;10
SIO;2024031816;14.1;-;-;0.0;7
SIO;2024031817;13.3;-;-;0.0;2
SIO;2024031818;12.3;-;-;0.0;0
SIO;2024031819;11.3;-;-;0.0;0
SIO;2024031820;10.3;-;-;0.0;0
SIO;2024031821;9.3;-;-;0.0;0
SIO;2024031822;8.4;-;-;0.0;0
SIO;2024031823;7.6;-;-;0.0;0
SIO;2024031900;6.9;17.1;5.5;0.0;0
SIO;2024031901;6.3;-;-;0.0;0
SIO;2024031902;5.8;-;-;0.0;0
SIO;2024031903;5.5;-;-;0.0;0
SIO;2024031904;5.6;-;-;0.0;0
SIO;2024031905;6.1;-;-;0.0;0
SIO;2024031906;7.0;-;-;0.0;0
SIO;2024031907;8.3;-;-;0.0;27
SIO;2024031908;10.0;-;-;0.0;30
SIO;2024031909;11.8;-;-;0.0;36
SIO;2024031910;13.6;-;-;0.0;40
SIO;2024031911;15.2;-;-;0.0;42
SIO;2024031912;16.4;-;-;0.0;37
SIO;2024031913;17.0;-;-;0.0;33
SIO;2024031914;17.1;-;-;0.0;30
SIO;2024031915;16.6;-;-;0.0;24
SIO;2024031916;15.6;-;-;0.0;17
SIO;2024031917;14.3;-;-;0.0;10
SIO;2024031918;12.8;-;-;0.0;0
SIO;2024031919;11.2;-;-;0.0;0
SIO;2024031920;9.8;-;-;0.0;0
SIO;2024031921;8.5;-;-;0.0;0
SIO;2024031922;7.5;-;-;0.0;0
SIO;2024031923;6.7;-;-;0.0;0
SIO;2024032000;6.1;18.2;5.3;0.0;0
SIO;2024032001;5.7;-;-;0.0;0
SIO;2024032002;5.4;-;-;0.0;0
SIO;2024032003;5.3;-;-;0.0;0
SIO;2024032004;5.6;-;-;0.0;0
SIO;2024032005;6.3;-;-;0.0;0
SIO;2024032006;7.5;-;-;0.0;0
SIO;2024032007;9.1;-;-;0.0;13
SIO;2024032008;11.2;-;-;0.0;20
SIO;2024032009;13.3;-;-;0.0;27
SIO;2024032010;15.3;-;-;0.0;29
SIO;2024032011;16.8;-;-;0.0;24
SIO;2024032012;17.8;-;-;0.0;22
SIO;2024032013;18.2;-;-;0.0;23
SIO;2024032014;18.0;-;-;0.0;23
SIO;2024032015;17.2;-;-;0.0;23
SIO;2024032016;16.0;-;-;0.0;21
SIO;2024032017;14.6;-;-;0.0;14
SIO;2024032018;13.0;-;-;0.0;0
SIO;2024032019;11.5;-;-;0.0;0
SIO;2024032020;10.2;-;-;0.0;0
SIO;2024032021;9.1;-;-;0.0;0
SIO;2024032022;8.3;-;-;0.0;0
SIO;2024032023;7.6;-;-;0.0;0
SIO;2024032100;7.2;17.7;6.5;0.0;0
SIO;2024032101;6.8;-;-;0.0;0
SIO;2024032102;6.6;-;-;0.0;0
SIO;2024032103;6.6;-;-;0.0;0
SIO;2024032104;6.8;-;-;0.0;0
SIO;2024032105;7.3;-;-;0.0;0
SIO;2024032106;8.2;-;-;0.0;0
SIO;2024032107;9.6;-;-;0.0;5
SIO;2024032108;11.2;-;-;0.0;9
SIO;2024032109;13.0;-;-;0.0;13
SIO;2024032110;14.7;-;-;0.0;14
SIO;2024032111;16.2;-;-;0.0;13
SIO;2024032112;17.2;-;-;0.0;12
SIO;2024032113;17.7;-;-;0.0;12
SIO;2024032114;17.5;-;-;0.0;13
SIO;2024032115;16.8;-;-;0.0;16
SIO;2024032116;15.6;-;-;0.0;14
SIO;2024032117;14.1;-;-;0.0;8
SIO;2024032118;12.4;-;-;0.0;1
SIO;2024032119;10.8;-;-;0.0;0
SIO;2024032120;9.4;-;-;0.0;0
SIO;2024032121;8.2;-;-;0.0;0
SIO;2024032122;7.3;-;-;0.0;0
SIO;2024032123;6.5;-;-;0.0;0
SIO;2024032200;5.9;18.2;5.1;0.0;0
STG;2024031500;11.5;14.1;7.5;0.0;0
STG;2024031501;10.9;-;-;0.0;0
STG;2024031502;10.6;-;-;0.0;0
STG;2024031503;10.2;-;-;0.0;0
STG;2024031504;9.9;-;-;0.0;0
STG;2024031505;9.7;-;-;0.0;0
STG;2024031506;9.7;-;-;0.0;0
STG;2024031507;9.9;-;-;0.0;1
STG;2024031508;10.6;-;-;0.1;2
STG;2024031509;11.5;-;-;0.0;4
STG;2024031510;12.5;-;-;0.0;4
STG;2024031511;13.3;-;-;0.0;3
STG;2024031512;13.9;-;-;0.0;4
STG;2024031513;14.1;-;-;0.0;7
STG;2024031514;13.8;-;-;0.0;5
STG;2024031515;13.0;-;-;0.0;1
STG;2024031516;12.0;-;-;0.0;1
STG;2024031517;10.9;-;-;0.0;1
STG;2024031518;9.9;-;-;0.0;0
STG;2024031519;9.1;-;-;0.0;0
STG;2024031520;8.5;-;-;0.0;0
STG;2024031521;8.1;-;-;0.0;0
STG;2024031522;7.8;-;-;0.0;0
STG;2024031523;7.5;-;-;0.0;0
STG;2024031600;7.3;10.9;6.2;0.2;0
STG;2024031601;7.1;-;-;0.0;0
STG;2024031602;7.0;-;-;0.0;0
STG;2024031603;6.9;-;-;0.0;0
STG;2024031604;6.9;-;-;0.0;0
STG;2024031605;7.1;-;-;0.0;0
STG;2024031606;7.4;-;-;0.0;0
STG;2024031607;7.8;-;-;0.0;2
STG;2024031608;8.4;-;-;0.0;3
STG;2024031609;9.0;-;-;0.0;3
STG;2024031610;9.6;-;-;0.0;4
STG;2024031611;10.2;-;-;0.0;5
STG;2024031612;10.6;-;-;0.0;5
STG;2024031613;10.9;-;-;0.0;8
STG;2024031614;10.9;-;-;0.0;9
STG;2024031615;10.6;-;-;0.0;11
STG;2024031616;10.0;-;-;0.0;15
STG;2024031617;9.3;-;-;0.0;16
STG;2024031618;8.6;-;-;0.0;15
STG;2024031619;7.9;-;-;0.0;0
STG;2024031620;7.3;-;-;0.0;0
STG;2024031621;6.8;-;-;0.0;0
STG;2024031622;6.5;-;-;0.0;0
STG;2024031623;6.2;-;-;0.0;0
STG;2024031700;6.0;10.9;5.4;0.0;0
STG;2024031701;5.7;-;-;0.0;0
STG;2024031702;5.5;-;-;0.0;0
STG;2024031703;5.4;-;-;0.0;0
STG;2024031704;5.4;-;-;0.0;0
STG;2024031705;5.6;-;-;0.0;0
STG;2024031706;6.1;-;-;0.0;0
STG;2024031707;6.8;-;-;0.0;14
STG;2024031708;7.7;-;-;0.0;16
STG;2024031709;8.7;-;-;0.0;16
STG;2024031710;9.5;-;-;0.0;12
STG;2024031711;10.2;-;-;0.0;9
STG;2024031712;10.7;-;-;0.0;9
STG;2024031713;10.9;-;-;0.0;9
STG;2024031714;10.8;-;-;0.0;8
STG;2024031715;10.6;-;-;0.0;6
STG;2024031716;10.2;-;-;0.0;3
STG;2024031717;9.8;-;-;0.0;1
STG;2024031718;9.3;-;-;0.0;0
STG;2024031719;8.8;-;-;0.0;0
STG;2024031720;8.4;-;-;0.0;0
STG;2024031721;8.1;-;-;0.0;0
STG;2024031722;7.8;-;-;0.0;0
STG;2024031723;7.5;-;-;0.0;0
STG;2024031800;7.2;11.5;6.6;0.0;0
STG;2024031801;6.9;-;-;0.0;0
STG;2024031802;6.7;-;-;0.0;0
STG;2024031803;6.6;-;-;0.0;0
STG;2024031804;6.7;-;-;0.0;0
STG;2024031805;7.1;-;-;0.0;0
STG;2024031806;7.6;-;-;0.0;0
STG;2024031807;8.3;-;-;0.0;0
STG;2024031808;9.1;-;-;0.0;1
STG;2024031809;9.8;-;-;0.0;2
STG;2024031810;10.5;-;-;0.0;2
STG;2024031811;11.0;-;-;0.0;2
STG;2024031812;11.4;-;-;0.0;3
STG;2024031813;11.5;-;-;0.0;4
STG;2024031814;11.4;-;-;0.0;5
STG;2024031815;11.2;-;-;0.0;7
STG;2024031816;10.7;-;-;0.0;7
STG;2024031817;10.2;-;-;0.0;4
STG;2024031818;9.5;-;-;0.0;1
STG;2024031819;8.9;-;-;0.0;0
STG;2024031820;8.4;-;-;0.0;0
STG;2024031821;7.9;-;-;0.0;0
STG;2024031822;7.4;-;-;0.0;0
STG;2024031823;7.0;-;-;0.0;0
STG;2024031900;6.5;11.9;5.3;0.0;0
STG;2024031901;6.0;-;-;0.0;0
STG;2024031902;5.6;-;-;0.0;0
STG;2024031903;5.3;-;-;0.0;0
STG;2024031904;5.3;-;-;0.0;0
STG;2024031905;5.6;-;-;0.0;0
STG;2024031906;6.2;-;-;0.0;0
STG;2024031907;7.1;-;-;0.0;8
STG;2024031908;8.1;-;-;0.0;9
STG;2024031909;9.2;-;-;0.0;8
STG;2024031910;10.2;-;-;0.0;9
STG;2024031911;11.0;-;-;0.0;17
STG;2024031912;11.6;-;-;0.0;29
STG;2024031913;11.9;-;-;0.0;31
STG;2024031914;11.9;-;-;0.0;29
STG;2024031915;11.6;-;-;0.0;34
STG;2024031916;10.9;-;-;0.0;28
STG;2024031917;10.1;-;-;0.0;18
STG;2024031918;9.1;-;-;0.0;15
STG;2024031919;8.1;-;-;0.0;0
STG;2024031920;7.2;-;-;0.0;0
STG;2024031921;6.4;-;-;0.0;0
STG;2024031922;5.8;-;-;0.0;0
STG;2024031923;5.4;-;-;0.0;0
STG;2024032000;5.1;12.6;4.6;0.0;0
STG;2024032001;4.8;-;-;0.0;0
STG;2024032002;4.7;-;-;0.0;0
STG;2024032003;4.6;-;-;0.0;0
STG;2024032004;4.8;-;-;0.0;0
STG;2024032005;5.2;-;-;0.0;0
STG;2024032006;5.9;-;-;0.0;0
STG;2024032007;6.9;-;-;0.0;49
STG;2024032008;8.2;-;-;0.0;47
STG;2024032009;9.5;-;-;0.0;47
STG;2024032010;10.8;-;-;0.0;46
STG;2024032011;11.8;-;-;0.0;42
STG;2024032012;12.4;-;-;0.0;38
STG;2024032013;12.6;-;-;0.0;34
STG;2024032014;12.4;-;-;0.0;30
STG;2024032015;11.9;-;-;0.0;28
STG;2024032016;11.2;-;-;0.0;22
STG;2024032017;10.3;-;-;0.0;12
STG;2024032018;9.4;-;-;0.0;4
STG;2024032019;8.5;-;-;0.0;0
STG;2024032020;7.8;-;-;0.0;0
STG;2024032021;7.1;-;-;0.0;0
STG;2024032022;6.6;-;-;0.0;0
STG;2024032023;6.2;-;-;0.0;0
STG;2024032100;5.8;12.4;5.1;0.0;0
STG;2024032101;5.5;-;-;0.0;0
STG;2024032102;5.3;-;-;0.0;0
STG;2024032103;5.1;-;-;0.0;0
STG;2024032104;5.2;-;-;0.0;0
STG;2024032105;5.4;-;-;0.0;0
STG;2024032106;5.9;-;-;0.0;2
STG;2024032107;6.7;-;-;0.0;18
STG;2024032108;7.7;-;-;0.0;25
STG;2024032109;8.9;-;-;0.0;26
STG;2024032110;10.1;-;-;0.0;23
STG;2024032111;11.2;-;-;0.0;20
STG;2024032112;12.0;-;-;0.0;17
STG;2024032113;12.4;-;-;0.0;16
STG;2024032114;12.3;-;-;0.0;16
STG;2024032115;11.9;-;-;0.0;15
STG;2024032116;11.2;-;-;0.0;10
STG;2024032117;10.3;-;-;0.0;5
STG;2024032118;9.3;-;-;0.0;2
STG;2024032119;8.5;-;-;0.0;0
STG;2024032120;7.7;-;-;0.0;0
STG;2024032121;7.1;-;-;0.0;0
STG;2024032122;6.7;-;-;0.0;0
STG;2024032123;6.4;-;-;0.0;0
STG;2024032200;6.2;11.1;5.1;0.0;0
SMA;2024031500;10.2;15.6;8.7;0.0;0
SMA;2024031501;10.1;-;-;0.0;0
SMA;2024031502;9.7;-;-;0.1;0
SMA;2024031503;9.3;-;-;0.1;0
SMA;2024031504;9.1;-;-;0.0;0
SMA;2024031505;9.1;-;-;0.0;0
SMA;2024031506;9.4;-;-;0.1;0
SMA;2024031507;10.0;-;-;0.1;2
SMA;2024031508;11.1;-;-;0.0;4
SMA;2024031509;12.3;-;-;0.0;5
SMA;2024031510;13.6;-;-;0.0;4
SMA;2024031511;14.6;-;-;0.0;4
SMA;2024031512;15.4;-;-;0.0;3
SMA;2024031513;15.6;-;-;0.0;1
SMA;2024031514;15.4;-;-;0.0;2
SMA;2024031515;14.8;-;-;0.0;6
SMA;2024031516;13.9;-;-;0.0;5
SMA;2024031517;12.9;-;-;0.0;1
SMA;2024031518;11.8;-;-;0.0;1
SMA;2024031519;10.9;-;-;0.0;0
SMA;2024031520;10.1;-;-;0.0;0
SMA;2024031521;9.5;-;-;0.0;0
SMA;2024031522;9.0;-;-;0.2;0
SMA;2024031523;8.7;-;-;0.2;0
SMA;2024031600;8.5;13.7;6.8;0.2;0
SMA;2024031601;8.3;-;-;0.3;0
SMA;2024031602;8.1;-;-;0.2;0
SMA;2024031603;8.1;-;-;0.2;0
SMA;2024031604;8.1;-;-;0.0;0
SMA;2024031605;8.3;-;-;0.0;0
SMA;2024031606;8.7;-;-;0.0;0
SMA;2024031607;9.3;-;-;0.0;4
SMA;2024031608;10.0;-;-;0.0;5
SMA;2024031609;10.9;-;-;0.0;7
SMA;2024031610;11.8;-;-;0.0;7
SMA;2024031611;12.6;-;-;0.0;6
SMA;2024031612;13.3;-;-;0.0;8
SMA;2024031613;13.7;-;-;0.0;12
SMA;2024031614;13.6;-;-;0.0;18
SMA;2024031615;13.1;-;-;0.0;22
SMA;2024031616;12.3;-;-;0.0;30
SMA;2024031617;11.3;-;-;0.0;41
SMA;2024031618;10.2;-;-;0.0;21
SMA;2024031619;9.1;-;-;0.0;0
SMA;2024031620;8.3;-;-;0.0;0
SMA;2024031621;7.7;-;-;0.0;0
SMA;2024031622;7.2;-;-;0.0;0
SMA;2024031623;6.8;-;-;0.0;0
SMA;2024031700;6.4;13.1;4.9;0.0;0
SMA;2024031701;5.9;-;-;0.0;0
SMA;2024031702;5.5;-;-;0.0;0
SMA;2024031703;5.1;-;-;0.0;0
SMA;2024031704;4.9;-;-;0.0;0
SMA;2024031705;5.1;-;-;0.0;0
SMA;2024031706;5.7;-;-;0.0;0
SMA;2024031707;6.7;-;-;0.0;8
SMA;2024031708;8.0;-;-;0.0;10
SMA;2024031709;9.4;-;-;0.0;10
SMA;2024031710;10.7;-;-;0.0;9
SMA;2024031711;11.8;-;-;0.0;9
SMA;2024031712;12.6;-;-;0.0;9
SMA;2024031713;13.0;-;-;0.0;8
SMA;2024031714;13.1;-;-;0.0;6
SMA;2024031715;12.9;-;-;0.0;4
SMA;2024031716;12.4;-;-;0.0;4
SMA;2024031717;11.8;-;-;0.0;2
SMA;2024031718;11.1;-;-;0.0;1
SMA;2024031719;10.4;-;-;0.0;0
SMA;2024031720;9.7;-;-;0.0;0
SMA;2024031721;9.1;-;-;0.0;0
SMA;2024031722;8.6;-;-;0.0;0
SMA;2024031723;8.2;-;-;0.0;0
SMA;2024031800;7.9;13.5;7.3;0.0;0
SMA;2024031801;7.6;-;-;0.0;0
SMA;2024031802;7.4;-;-;0.0;0
SMA;2024031803;7.3;-;-;0.0;0
SMA;2024031804;7.4;-;-;0.0;0
SMA;2024031805;7.7;-;-;0.0;0
SMA;2024031806;8.2;-;-;0.0;0
SMA;2024031807;9.0;-;-;0.0;0
SMA;2024031808;9.9;-;-;0.0;1
SMA;2024031809;10.9;-;-;0.0;2
SMA;2024031810;11.8;-;-;0.0;2
SMA;2024031811;12.6;-;-;0.0;3
SMA;2024031812;13.2;-;-;0.0;4
SMA;2024031813;13.5;-;-;0.0;5
SMA;2024031814;13.5;-;-;0.0;6
SMA;2024031815;13.2;-;-;0.0;7
SMA;2024031816;12.6;-;-;0.0;8
SMA;2024031817;11.9;-;-;0.0;6
SMA;2024031818;11.1;-;-;0.0;9
SMA;2024031819;10.3;-;-;0.0;0
SMA;2024031820;9.6;-;-;0.0;0
SMA;2024031821;9.0;-;-;0.0;0
SMA;2024031822;8.5;-;-;0.0;0
SMA;2024031823;8.1;-;-;0.0;0
SMA;2024031900;7.6;14.6;6.2;0.0;0
SMA;2024031901;7.1;-;-;0.0;0
SMA;2024031902;6.7;-;-;0.0;0
SMA;2024031903;6.3;-;-;0.0;0
SMA;2024031904;6.2;-;-;0.0;0
SMA;2024031905;6.3;-;-;0.0;0
SMA;2024031906;6.9;-;-;0.0;0
SMA;2024031907;7.8;-;-;0.0;7
SMA;2024031908;9.0;-;-;0.0;7
SMA;2024031909;10.3;-;-;0.0;6
SMA;2024031910;11.6;-;-;0.0;13
SMA;2024031911;12.8;-;-;0.0;17
SMA;2024031912;13.8;-;-;0.0;21
SMA;2024031913;14.4;-;-;0.0;29
SMA;2024031914;14.6;-;-;0.0;29
SMA;2024031915;14.4;-;-;0.0;24
SMA;2024031916;13.8;-;-;0.0;20
SMA;2024031917;12.8;-;-;0.0;16
SMA;2024031918;11.7;-;-;0.0;11
SMA;2024031919;10.5;-;-;0.0;0
SMA;2024031920;9.4;-;-;0.0;0
SMA;2024031921;8.4;-;-;0.0;0
SMA;2024031922;7.6;-;-;0.0;0
SMA;2024031923;7.1;-;-;0.0;0
SMA;2024032000;6.6;15.0;5.6;0.0;0
SMA;2024032001;6.2;-;-;0.0;0
SMA;2024032002;5.9;-;-;0.0;0
SMA;2024032003;5.6;-;-;0.0;0
SMA;2024032004;5.6;-;-;0.0;0
SMA;2024032005;5.9;-;-;0.0;0
SMA;2024032006;6.6;-;-;0.0;0
SMA;2024032007;7.7;-;-;0.0;21
SMA;2024032008;9.1;-;-;0.0;23
SMA;2024032009;10.6;-;-;0.0;25
SMA;2024032010;12.2;-;-;0.0;32
SMA;2024032011;13.5;-;-;0.0;35
SMA;2024032012;14.5;-;-;0.0;38
SMA;2024032013;15.0;-;-;0.0;38
SMA;2024032014;15.0;-;-;0.0;33
SMA;2024032015;14.5;-;-;0.0;29
SMA;2024032016;13.7;-;-;0.0;23
SMA;2024032017;12.7;-;-;0.0;12
SMA;2024032018;11.6;-;-;0.0;4
SMA;2024032019;10.5;-;-;0.0;0
SMA;2024032020;9.5;-;-;0.0;0
SMA;2024032021;8.7;-;-;0.0;0
SMA;2024032022;8.0;-;-;0.0;0
SMA;2024032023;7.4;-;-;0.0;0
SMA;2024032100;7.0;14.8;6.0;0.0;0
SMA;2024032101;6.6;-;-;0.0;0
SMA;2024032102;6.3;-;-;0.0;0
SMA;2024032103;6.0;-;-;0.0;0
SMA;2024032104;6.0;-;-;0.0;0
SMA;2024032105;6.2;-;-;0.0;0
SMA;2024032106;6.8;-;-;0.0;0
SMA;2024032107;7.8;-;-;0.0;13
SMA;2024032108;9.0;-;-;0.0;19
SMA;2024032109;10.5;-;-;0.0;22
SMA;2024032110;12.0;-;-;0.0;19
SMA;2024032111;13.3;-;-;0.0;19
SMA;2024032112;14.3;-;-;0.0;23
SMA;2024032113;14.8;-;-;0.0;23
SMA;2024032114;14.8;-;-;0.0;20
SMA;2024032115;14.2;-;-;0.0;16
SMA;2024032116;13.3;-;-;0.0;12
SMA;2024032117;12.2;-;-;0.0;7
SMA;2024032118;10.9;-;-;0.0;2
SMA;2024032119;9.7;-;-;0.0;0
SMA;2024032120;8.7;-;-;0.0;0
SMA;2024032121;7.8;-;-;0.0;0
SMA;2024032122;7.2;-;-;0.0;0
SMA;2024032123;6.8;-;-;0.0;0
SMA;2024032200;6.4;14.9;5.8;0.0;0
