objectid,anlage,area,rivershed,rivershed_text,biogeoreg,biogeoreg_text,heightmean,heightmax,heightmin,slopemean,slope3smaller,slope15higher,corglacier,corwater,corswamp,corrock,cordebris,corforest,corshrub,corgrass,corfarming,corurban,preyearly,pre01,pre02,pre03,pre04,pre05,pre06,pre07,pre08,pre09,pre10,pre11,pre12,pre1h2a,pre1h100a,pre24h2a,pre24h100a,adm_user,ortsname,kanton,first_name,last_name,adm_valid,adm_date
46,Turtmann,28049750.00000000,7,RHONE,16,"Westliche Zentralalpen",3045.83569340,4151.57031250,2175.51025390,27.71636960,1.51028560,75.15370940,43.74002840,0.00000000,0.00000000,45.38461690,0.00000000,0.00000000,0.00000000,10.87535290,0.00000000,0.00000000,1129.29418950,78.29927060,69.70597080,84.99979400,103.85420230,153.49240110,115.55358890,109.21274570,123.37889860,99.32680510,109.60930630,84.87585450,82.70718380,,,,,14,Turtmann-Unterems,VS,Fred,Badel,,2023-05-23
113,Moiry,28905888.00000000,7,RHONE,16,"Westliche Zentralalpen",2765.50244140,3648.17529300,2246.59887700,26.98404310,5.96658420,79.00662230,17.95289800,4.59985350,0.00000000,39.84412770,0.00000000,0.00000000,0.00000000,37.60312270,0.00000000,0.00000000,1079.84509280,77.38378140,65.55206300,86.46572880,98.62475590,140.74110410,105.83088680,114.18460080,112.77211760,88.71897890,98.93733220,75.13345340,82.16065980,,,,,14,Anniviers,VS,Fred,Badel,,2023-05-23
1,"Vieux Emosson",4748106.50000000,7,RHONE,16,"Westliche Zentralalpen",2427.61083980,2838.44384770,2209.01171880,27.85088350,16.34572600,77.45259090,0.00000000,10.99629780,0.00000000,64.49275210,0.00000000,0.00000000,0.00000000,24.51095010,0.00000000,0.00000000,1641.46459960,145.02452090,118.77277370,115.14189910,104.43668370,136.65664670,155.42922970,163.57577510,169.06394960,136.01576230,170.91731260,141.75149540,177.85707090,,,,,14,Finhaut,VS,Fred,Badel,,2023-05-23
2,"Punt dal Gall",293567488.00000000,6,RHEIN,15,"Östliche Zentralalpen",2446.08813480,3301.08569340,1801.46459960,29.58477400,1.79265930,84.54946900,0.43498950,1.44247670,11.13586620,30.58982280,0.00000000,9.74751190,0.34447430,45.00995250,0.45422380,0.84068170,1038.68908690,55.08895490,44.24429320,57.50082400,79.68793490,112.62693790,110.88758090,119.32118990,120.03456120,97.22639470,105.55077360,100.94908140,66.81675720,,,,,14,,,Fred,Badel,,2023-05-23
3,Albigna,20483754.00000000,2,ADDA,14,Alpensüdflanke,2628.58496090,3369.99584960,2154.30761720,30.86151310,6.48764040,82.23351290,25.22363090,6.16822670,0.00000000,60.54610820,0.00000000,0.00000000,0.00089010,8.06114290,0.00000000,0.00000000,1424.14062500,65.02822110,48.23057940,72.78790280,135.81802370,176.99655150,144.59420780,147.43966670,146.36251830,137.92739870,148.47320560,131.61549380,83.94753270,,,,,14,Bregaglia,GR,Fred,Badel,,2023-05-23
4,Zöt,5883250.00000000,8,TICINO,14,Alpensüdflanke,2530.76025390,3270.16674800,1928.34436040,23.34618380,3.08073450,78.04325870,25.55942540,0.00000000,0.00000000,46.40859990,0.00000000,0.00000000,0.00000000,28.03197290,0.00000000,0.00000000,2394.58642580,136.86424260,122.29043580,148.32090760,250.69200130,273.92523190,191.56410220,162.60603330,184.64282230,242.16308590,248.51094060,208.81109620,140.35481260,,,,,14,Cevio,TI,Fred,Badel,,2023-05-23
5,Pfaffensprung,393564096.00000000,5,REUSS,13,Alpennordflanke,2236.79736330,3629.61303710,803.34899900,31.54061510,1.73898380,87.43437190,6.27911760,0.54769930,12.35006050,27.82052230,0.16960560,4.10340690,1.61638980,45.90171430,0.72389380,0.48759010,1875.22338870,134.56336980,123.93719480,140.23129270,144.45396420,166.65243530,147.99823000,139.67190550,151.09709170,151.03419490,138.62641910,156.11332700,129.80458070,,,,,14,Göschenen,UR,Fred,Badel,,2023-05-23
11,Nagens,537137.62500000,6,RHEIN,15,"Östliche Zentralalpen",2080.50268550,2356.76171880,1951.92004390,16.72822950,5.38860650,55.86761860,0.00000000,0.00000000,12.92748450,0.00000000,0.00000000,0.00000000,0.00000000,87.07251740,0.00000000,0.00000000,1481.84619140,106.32304380,101.48652650,113.77786250,101.87384030,126.23691560,148.30691530,175.05061340,179.77554320,134.79043580,97.10061650,126.99971010,111.44474790,,,,,14,Laax,GR,Fred,Badel,,2023-05-23
12,Göscheneralp,42599536.00000000,5,REUSS,13,Alpennordflanke,2569.88964840,3629.61303710,1789.07409670,32.73233030,3.38811680,87.98895260,26.09316250,3.13466120,4.07111930,38.74694820,0.00000000,0.00000000,0.00000000,27.95410920,0.00000000,0.00000000,2124.10961910,151.27613830,136.87326050,159.15249630,149.74980160,165.23014830,149.21830750,143.94938660,155.59800720,147.35415650,145.51306150,164.65582280,146.38537600,,,,,14,Göschenen,UR,Fred,Badel,,2023-05-23
13,Mühleberg,3167931136.00000000,1,AARE,12,Mittelland,1519.41101070,4273.27001950,480.47570800,24.69392780,11.36997130,67.04219820,5.74101590,2.81901880,5.10292240,10.68983460,0.02749860,22.62533950,4.73878770,32.20650860,11.04768090,5.00139280,1614.12316890,108.74954220,100.89297490,116.99227910,117.75970460,154.32595830,164.89746090,170.66775510,170.47518920,124.36305240,109.62033840,111.52110290,119.32829280,,,,,14,Thunersee,BE,Fred,Badel,,2023-05-23
14,Hongrin,45395200.00000000,1,AARE,13,Alpennordflanke,1566.80017090,2477.51098630,1240.94580080,22.36837960,5.20857520,68.84464260,0.00000000,3.33551360,2.78916530,1.34539540,0.00000000,28.31988330,5.57825850,53.80444340,4.30182650,0.52551510,1735.19702150,135.43190000,124.19287870,128.34835820,116.18896480,151.59924320,164.25744630,161.20535280,161.53074650,133.16969300,126.05271910,129.48605350,147.33641050,,,,,14,Ormont-Dessous,VD,Fred,Badel,,2023-05-23
15,"Eiswehr Brunau",336450912.00000000,4,LIMMAT,12,Mittelland,1051.05859380,2282.02148440,421.37338260,18.48005290,12.01116560,54.90534210,0.00000000,3.18578620,2.69737010,0.37370310,0.07827150,41.52726750,1.32140780,24.17250820,21.31261250,5.33107380,1863.64050290,109.49260710,110.95899200,140.57440190,133.11634830,173.52021790,209.90864560,219.26376340,209.52925110,160.94332890,119.67343140,130.59944150,134.13916020,,,,,14,Einsiedeln,SZ,Fred,Badel,,2023-05-23
16,Reichenau,3219100416.00000000,6,RHEIN,15,"Östliche Zentralalpen",2005.80102540,3612.37280270,573.16009520,28.29228400,2.26826570,81.98182680,0.77110400,0.38599730,11.28461070,17.40242960,0.00000000,21.62696270,2.51328230,43.60515590,1.22814520,1.18231170,1286.52539060,72.66019440,62.89788820,78.11387630,95.18113710,126.54291530,136.78150940,147.08592220,155.37907410,130.26771550,101.31723020,107.94179530,77.47718810,,,,,14,Safiental,GR,Fred,Badel,,2023-05-23
17,Innerferrera,220650288.00000000,6,RHEIN,15,"Östliche Zentralalpen",2378.85522460,3206.87670900,1441.49963380,28.65489960,1.02456400,86.15319820,0.01671060,1.76651350,12.26237490,27.25485040,0.00000000,5.09576460,0.47791890,53.12586590,0.00000000,0.00000000,1318.01025390,54.00276180,43.96003340,63.90440750,104.14817810,142.81427000,154.53297420,150.98037720,158.33525090,143.63793950,118.00582890,110.76471710,66.68013000,,,,,14,Avers,GR,Fred,Badel,,2023-05-23
18,Ryburg-Schwörstadt,34495787008.00000000,6,RHEIN,12,Mittelland,1120.03515630,4273.27001950,280.37994380,18.02842520,20.01237300,48.58549500,0.84056980,3.98349670,3.38610340,4.55037550,0.05317100,29.81831930,1.79573360,26.59495160,21.70729830,7.26998190,1403.74035640,90.93350220,84.83040620,100.66378780,100.83011630,133.77111820,145.29188540,149.55377200,150.71400450,120.65580750,101.78081510,102.88440700,105.06771090,,,,,14,Walchwil,ZG,Fred,Badel,,2023-05-23
36,"Grande Dixence",44604672.00000000,7,RHONE,16,"Westliche Zentralalpen",2853.76538090,3870.26684570,2360.44213870,27.19440270,9.62338260,76.42497250,16.19819260,9.10262300,0.04815240,53.39484790,0.00000000,0.00000000,0.00000000,21.25618360,0.00000000,0.00000000,1241.96594240,97.00666810,91.76110840,106.01789860,109.79405210,144.87998960,129.55351260,124.56924440,124.92557530,102.43111420,107.71897130,95.14572910,100.61958310,,,,,14,Hérémence,VS,Fred,Badel,,2023-05-23
6,"Zervreila Ausgleichsbecken",599138.37500000,6,RHEIN,15,"Östliche Zentralalpen",2165.00976560,2805.71801760,1733.80932620,28.15909390,2.38038020,83.42478180,0.00000000,0.00000000,60.48125460,1.82442810,0.00000000,14.61356160,0.00000000,23.08075710,0.00000000,0.00000000,1637.54724120,79.66745000,64.74468990,87.15823360,114.82209780,152.00321960,149.89750670,164.43595890,171.27095030,153.49900820,124.71013640,127.32292180,86.14157100,,,,,14,Vals,GR,Fred,Badel,,2023-05-23
7,Drachtenloch,8605048.00000000,1,AARE,12,Mittelland,577.99609380,747.32299800,462.07135010,6.47647190,23.55959700,6.38306860,0.00000000,0.00000000,0.00000000,0.00000000,0.00000000,29.66382790,1.27010790,0.00000000,62.81695180,6.24911260,1124.85156250,69.94264220,67.94772340,79.74800870,81.03921510,119.79747770,123.00796510,119.92948150,119.80990600,91.64826200,84.67206570,77.91123960,86.78414150,,,,,14,Uezwil,AG,Fred,Badel,,2023-05-23
8,Brigels,28081934.00000000,6,RHEIN,15,"Östliche Zentralalpen",2186.06005860,3417.67431640,1252.03320310,29.32984920,2.62836770,83.98260500,2.27763080,0.00000000,11.84484000,30.63181690,0.00000000,6.15116690,0.00000000,48.45452500,0.00000000,0.64002180,1628.82727050,114.07608800,107.16001130,119.63217930,113.23223880,133.72331240,166.30911250,193.38792420,201.13595580,152.84526060,110.72186280,140.24905400,120.04563140,,,,,14,Breil/Brigels,GR,Fred,Badel,,2023-05-23
9,Runcahez,55648288.00000000,6,RHEIN,15,"Östliche Zentralalpen",2306.97607420,3168.28491210,1275.04553220,32.08156200,1.85637490,87.68888850,2.14681150,0.00000000,2.94819330,35.19839860,0.00000000,7.47703980,2.42422800,48.98556140,0.81976710,0.00000000,1480.89416500,88.64451600,76.13487240,94.87747960,118.87232210,158.85124210,150.21099850,161.74884030,175.74615480,155.69294740,126.51494600,127.30721280,90.91986850,,,,,14,Sumvitg,GR,Fred,Badel,,2023-05-23
10,Grimsel,96393384.00000000,1,AARE,13,Alpennordflanke,2676.85595700,4273.27001950,1883.78503420,30.37876890,5.50237700,78.07494350,33.82926940,4.43139270,0.00000000,41.12594990,0.00000000,0.00000000,0.00000000,20.61338620,0.00000000,0.00000000,2320.95898440,184.50799560,159.81852720,183.46475220,192.46852110,213.22221370,195.31999210,198.14501950,192.39154050,182.08322140,168.15921020,194.38636780,178.07550050,,,,,14,Guttannen,BE,Fred,Badel,,2023-05-23
26,Pradella,2131634.50000000,3,INN,15,"Östliche Zentralalpen",1800.74414060,2786.61962890,1141.55603030,32.16264720,1.71471750,92.70256040,0.00000000,0.00000000,0.00000000,0.00000000,0.00000000,72.91880040,14.82421880,12.25698470,0.00000000,0.00000000,954.90454100,50.52068330,41.08882520,52.02565000,58.71142580,84.43339540,95.31478120,112.69377900,117.01051330,73.80663300,81.30621340,71.90766140,56.80578230,,,,,14,Scuol,GR,Fred,Badel,,2023-05-23
27,Egschi,107911848.00000000,6,RHEIN,15,"Östliche Zentralalpen",2066.03515630,3053.54833980,1146.35449220,29.99286460,0.95664330,86.71054080,0.00000000,0.00000000,24.72656060,11.02456570,0.00000000,16.12001800,2.10639520,46.02246090,0.00000000,0.00000000,1230.19396970,65.07724760,54.69140240,73.84377290,100.47634890,134.70942690,137.29489140,154.66392520,158.42756650,139.20280460,109.35383610,105.88404850,67.80371860,,,,,14,Safiental,GR,Fred,Badel,,2023-05-23
19,Engeweiher,19001.95117190,6,RHEIN,12,Mittelland,544.05474850,544.37622070,543.97436520,0.02702420,0.25931350,99.74040990,0.00000000,0.00000000,0.00000000,0.00000000,0.00000000,100.00000000,0.00000000,0.00000000,0.00000000,0.00000000,957.81176760,73.68505860,64.66891480,69.48881530,67.22487640,92.93035890,93.01773830,96.27419280,88.79214480,72.01086430,80.75695040,66.79388430,88.38909910,,,,,14,Schaffhausen,SH,Fred,Badel,,2023-05-23
20,Flumenthal,9581838336.00000000,1,AARE,11,Jura,1087.48352050,4273.27001950,416.94094850,16.74816890,20.93850330,44.17072300,1.91438710,4.19949530,2.31375380,3.83427050,0.04116940,28.66426090,2.92557550,22.64466670,27.48712730,5.97529410,1445.86413570,101.40894320,93.16670990,105.39291380,104.47386170,137.80386350,141.76176450,140.40333560,143.82844540,117.03176120,110.85310360,105.50837710,116.09998320,,,,,14,Guggisberg,BE,Fred,Badel,,2023-05-23
21,Schiffenen,1406222592.00000000,1,AARE,12,Mittelland,1190.34899900,3250.28979490,527.73266600,19.32238010,12.98330590,53.37187580,0.11108100,1.12848150,2.17587730,2.03099730,0.06059790,27.25323300,4.66060880,34.76167680,22.48894690,5.32849930,1510.43676760,103.28636930,96.98770140,108.23626710,105.22725680,141.04464720,150.79753110,146.28950500,151.80563350,120.35523990,114.43875890,107.46152500,119.53625490,,,,,14,Gruyères,FR,Fred,Badel,,2023-05-23
22,Mattmark,37842780.00000000,7,RHONE,16,"Westliche Zentralalpen",2799.60302730,4189.27978520,2192.50512700,24.97850800,5.62407540,73.59262080,21.52198030,4.58923530,0.00000000,47.11275100,0.00000000,0.00000000,0.00000000,26.77603530,0.00000000,0.00000000,1262.50122070,74.98437500,68.68990330,91.82264710,144.77427670,189.69697570,122.58333590,92.88672640,107.28545380,127.08094790,148.78771970,121.78116610,84.35741420,,,,,14,Saas-Almagell,VS,Fred,Badel,,2023-05-23
23,Muslen,9370993.00000000,4,LIMMAT,13,Alpennordflanke,1270.75830080,1935.19787600,605.24798580,24.28453060,1.00152730,72.63384250,0.00000000,0.00000000,1.42095830,0.00000000,0.00000000,22.67163090,16.04007150,55.97376250,0.00000000,3.89357660,2092.93676760,130.11145020,124.27209470,162.78852840,141.29196170,175.61781310,221.36663820,239.10961910,236.89459230,184.11946110,129.40574650,144.65850830,145.58906560,,,,,14,Amden,SG,Fred,Badel,,2023-05-23
32,Nalps,22465288.00000000,6,RHEIN,15,"Östliche Zentralalpen",2427.59863280,3034.71240230,1900.42211910,31.12082480,4.39816430,87.90359500,1.01144980,4.00484470,8.34084890,29.18269350,0.00000000,0.00000000,0.32704990,57.13311390,0.00000000,0.00000000,1631.20410160,108.70854190,93.11736300,114.16951750,138.97680660,178.01513670,151.14270020,156.15992740,171.02407840,174.91386410,135.52899170,147.97055050,103.71656800,,,,,14,Tujetsch,GR,Fred,Badel,,2023-05-23
25,Orden,36093624.00000000,2,ADDA,14,Alpensüdflanke,2558.08520510,3377.89013670,1750.64953610,32.12875370,1.42985140,84.77724460,18.48816300,0.00000000,3.63956830,50.24554060,0.00000000,2.15186290,1.53009150,23.94477270,0.00000000,0.00000000,1251.98986820,60.06629560,46.48872760,65.72581480,110.36663060,151.65614320,132.64930730,136.36627200,136.98478700,123.08962250,129.49147030,116.97036740,76.96595000,,,,,14,Bregaglia,GR,Fred,Badel,,2023-05-23
28,Ruppoldingen,10113984512.00000000,1,AARE,12,Mittelland,1060.00146480,4273.27001950,391.60876460,16.33121680,21.47216610,42.87364580,1.81366180,4.01346250,2.19201590,3.63253070,0.04229740,28.77023120,2.77639510,21.50020980,29.04810910,6.21108480,1433.31628420,100.45852660,92.33649440,104.53608700,103.61615750,136.83686830,140.65058900,139.30928040,142.82547000,116.27345280,110.06382750,104.55629730,115.29605100,,,,,14,Guggisberg,BE,Fred,Badel,,2023-05-23
29,Roggiasca,11695750.00000000,8,TICINO,14,Alpensüdflanke,1683.52661130,2381.99096680,944.85272220,36.80167770,0.49251780,95.70903020,0.00000000,0.00000000,6.35126070,1.49850630,0.00000000,44.13110350,6.93104510,41.08808520,0.00000000,0.00000000,1673.46264650,68.15063480,50.67401120,80.21463010,152.12802120,217.60408020,211.71678160,195.08898930,204.70346070,199.48924260,154.05462650,145.94009400,84.39412690,,,,,14,"Roveredo (GR)",GR,Fred,Badel,,2023-05-23
30,Isola,42153324.00000000,8,TICINO,14,Alpensüdflanke,2213.60620120,3149.29541020,1598.72119140,24.53817370,3.17253610,73.28467560,0.00000000,0.65361960,7.76628400,26.08204460,0.00000000,7.57570790,2.82285330,53.96922680,0.00000000,1.13026600,1949.17431640,83.32606510,60.97317500,93.65443420,161.88726810,208.08955380,184.90562440,191.40235900,195.61500550,202.49990840,177.99716190,158.49398800,103.28741460,,,,,14,Mesocco,GR,Fred,Badel,,2023-05-23
31,Airolo,113503784.00000000,8,TICINO,14,Alpensüdflanke,2134.49853520,3192.10815430,1130.72375490,30.06325720,1.73946310,84.75854490,0.37418970,0.44561160,3.17348790,27.94794460,0.00000000,10.27492430,9.72053810,44.86592480,2.73781920,0.45955880,2095.96386720,130.13652040,114.42477420,135.09603880,197.64553830,215.83630370,169.26344300,146.34088130,162.46327210,194.60516360,194.63163760,183.55493160,127.92841340,,,,,14,Bedretto,TI,Fred,Badel,,2023-05-23
33,Göschenerreuss,92741616.00000000,5,REUSS,13,Alpennordflanke,2373.28784180,3629.61303710,1077.32507320,33.66756060,1.98698710,90.07950590,16.35147860,1.43986190,4.68097020,33.05581280,0.71974900,3.60726690,5.53683810,34.38274380,0.00000000,0.22527980,1937.57910160,139.87661740,128.16975400,148.94567870,142.82130430,162.11753850,145.58869930,139.23229980,149.73512270,145.85078430,141.15971370,158.47190860,135.51768490,,,,,14,Göschenen,UR,Fred,Badel,,2023-05-23
34,Barcuns,51179288.00000000,6,RHEIN,15,"Östliche Zentralalpen",2371.71020510,3610.75952150,1355.48388670,35.19992070,0.67029490,92.66554260,3.09892060,0.00000000,7.69272330,41.73967740,0.00000000,1.81025780,1.44405080,44.21437070,0.00000000,0.00000000,1930.66137700,123.80911250,114.43565370,130.68714900,136.18434140,162.63977050,202.71163940,231.86758420,232.05348210,181.53680420,123.39900970,166.75935360,130.40144350,,,,,14,Disentis/Mustér,GR,Fred,Badel,,2023-05-23
35,"Valle di Lei",47473112.00000000,6,RHEIN,15,"Östliche Zentralalpen",2475.55200200,3191.73706050,1922.17382810,26.63115880,17.68749620,67.46330260,0.00000000,8.21057890,2.34904340,34.09532930,0.00000000,0.00075620,0.00000000,55.34429170,0.00000000,0.00000000,1382.52954100,55.60252380,45.22621540,67.99365230,115.53148650,156.28857420,163.84954830,159.00828550,167.60800170,153.02391050,125.46504210,114.91596220,69.38580320,,,,,14,,,Fred,Badel,,2023-05-23
24,Totensee,1874073.00000000,7,RHONE,16,"Westliche Zentralalpen",2327.49047850,2763.41430660,2146.25683590,20.05840490,13.39635370,62.02449040,0.00000000,0.00000000,0.00000000,6.48172040,0.00000000,0.00000000,0.00000000,93.51828000,0.00000000,0.00000000,2199.03662110,203.67712400,171.28015140,187.32365420,185.57348630,168.52590940,155.26708980,159.98580930,143.04411320,162.81272890,139.47619630,192.26321410,183.42980960,,,,,14,Obergoms,VS,Fred,Badel,,2023-05-23
44,Bannalp,8166993.50000000,5,REUSS,13,Alpennordflanke,2095.58813480,2811.91333010,1584.05871580,31.00585170,2.31164670,86.46067050,0.00000000,0.00000000,0.83171420,34.16405870,0.00000000,0.26667120,0.00000000,64.73755650,0.00000000,0.00000000,2398.98583980,136.81459050,135.13502500,161.49974060,162.73863220,200.21812440,220.78054810,234.04470830,227.41253660,161.97187810,132.30749510,149.98382570,152.06082150,,,,,14,Wolfenschiessen,NW,Fred,Badel,,2023-05-23
45,Malvaglia,61992904.00000000,8,TICINO,14,Alpensüdflanke,2109.16064450,3389.97802730,984.10833740,35.25749210,0.50388850,93.17261510,0.98967660,0.00000000,2.48027970,26.85255430,0.00000000,28.87009810,9.35278610,31.45460510,0.00000000,0.00000000,1818.84472660,82.47735600,62.84428410,87.96470640,152.82620240,209.64961240,187.04846190,181.90893550,200.80934140,196.19718930,165.15959170,161.43840030,101.51415250,,,,,14,Serravalle,TI,Fred,Badel,,2023-05-23
47,Bannwil,9832293376.00000000,1,AARE,12,Mittelland,1073.67150880,4273.27001950,412.32632450,16.54472730,21.31983570,43.54984660,1.86562250,4.10615440,2.25481630,3.73660140,0.04012070,28.75949860,2.85105350,22.11618420,28.18246270,6.08748580,1439.30676270,100.95507810,92.74699400,104.92269130,104.00583650,137.26292420,141.16366580,139.77304080,143.34492490,116.63563540,110.47258000,105.04165650,115.72683720,,,,,14,Guggisberg,BE,Fred,Badel,,2023-05-23
48,Salanfe,18514096.00000000,7,RHONE,13,Alpennordflanke,2296.32617190,3254.33349610,1908.42712400,27.11962130,9.22393990,75.92449190,3.16457560,6.20405340,0.00000000,45.98545070,0.00000000,0.00000000,0.51421190,44.13171010,0.00000000,0.00000000,1891.46154790,164.79989620,139.17524720,141.30162050,117.26003270,146.67105100,150.93930050,156.16842650,161.74835210,135.51559450,162.62744140,147.64761350,191.32089230,,,,,14,Evionnaz,VS,Fred,Badel,,2023-05-23
37,Peccia,74989.92187500,8,TICINO,14,Alpensüdflanke,1142.15429690,1506.17871090,1026.01062010,37.71941760,14.40304950,82.60682680,0.00000000,0.00000000,0.00000000,0.00000000,0.00000000,100.00000000,0.00000000,0.00000000,0.00000000,0.00000000,1992.50097660,101.30751040,89.21807100,111.32846830,193.01095580,229.67335510,168.59730530,143.81127930,172.34341430,204.04856870,204.33782960,173.52558900,105.66843410,,,,,14,Lavizzara,TI,Fred,Badel,,2023-05-23
38,Othmarhang,818376.56250000,7,RHONE,16,"Westliche Zentralalpen",3009.94238280,3457.60278320,2660.93969730,18.03454590,2.55442690,56.22330090,71.12232970,0.00000000,0.00000000,28.87766840,0.00000000,0.00000000,0.00000000,0.00000000,0.00000000,0.00000000,873.90319820,52.76892850,48.09981540,63.22258760,95.09811400,127.70880890,85.00357060,66.48213200,75.39629360,87.23183440,98.44688420,81.57060240,58.85866170,,,,,14,Saas-Fee,VS,Fred,Badel,,2023-05-23
39,Wettingen,2376157440.00000000,4,LIMMAT,12,Mittelland,1132.54467770,3612.64086910,373.49020390,20.99514390,16.71949770,57.13499450,0.52674530,5.62853810,5.67259360,5.97443490,0.03778730,29.17835620,1.33039860,27.81367680,13.98865220,9.84881590,1731.50708010,105.07647710,103.10343930,129.30928040,118.61388400,154.01055910,186.27886960,200.33995060,198.71189880,152.22538760,111.49872590,123.71783450,122.66102600,,,,,14,Vorderthal,SZ,Fred,Badel,,2023-05-23
40,Bärenburg,479289344.00000000,6,RHEIN,15,"Östliche Zentralalpen",2264.63745120,3400.89599610,1075.44335940,29.17247960,1.61964360,85.13276670,1.09974690,0.98479270,10.70949270,25.08509250,0.00000000,10.28004840,1.25935480,50.33979420,0.00000000,0.24167760,1440.08569340,62.43931960,49.05542760,71.09943390,115.02767180,154.11915590,157.38169860,158.92019650,166.55508420,155.52532960,128.68698120,122.18949890,73.68081670,,,,,14,Ferrera,GR,Fred,Badel,,2023-05-23
41,Palü,15882412.00000000,2,ADDA,14,Alpensüdflanke,2757.57763670,3854.03027340,1917.88110350,30.39910890,1.79448910,86.96775820,32.43157580,0.00000000,12.57733920,34.56818390,0.00000000,0.00000000,0.00000000,20.42290120,0.00000000,0.00000000,1632.37927250,83.50949100,65.69294740,91.29457090,132.31861880,158.12051390,149.54959110,143.94871520,148.16700740,145.10717770,161.98684690,163.88110350,104.37163540,,,,,14,Poschiavo,GR,Fred,Badel,,2023-05-23
42,Wildegg-Brugg,11642716160.00000000,1,AARE,11,Jura,998.41900630,4273.27001950,344.40255740,15.55709270,22.18928910,40.55532460,1.57552130,3.77135090,1.90908590,3.15556620,0.04801170,29.01248170,2.49483010,19.24268150,31.54605670,7.24441240,1403.35766600,97.64739990,90.03576660,102.28884890,101.47133640,134.91354370,138.33059690,137.26469420,140.19190980,113.84693910,107.58475490,101.88053130,112.81739040,,,,,14,Oberbalm,BE,Fred,Badel,,2023-05-23
43,Lucendro,6868687.50000000,5,REUSS,14,Alpensüdflanke,2431.10766600,2957.80371090,2131.20507810,26.31816860,8.71968080,79.26360320,0.00000000,8.13102910,0.00000000,61.86242680,0.00000000,0.00000000,0.00000000,30.00654220,0.00000000,0.00000000,2132.48071290,138.00268550,124.21997830,140.44154360,179.13894650,199.16619870,167.30903630,145.80790710,166.94236760,181.01126100,176.44752500,179.44337460,132.12434390,,,,,14,Airolo,TI,Fred,Badel,,2023-05-23
51,Safien-Platz,303856.93750000,6,RHEIN,15,"Östliche Zentralalpen",1499.69897460,1930.40698240,1294.08398440,18.69708060,12.27977850,62.66594700,0.00000000,0.00000000,0.00000000,0.00000000,0.00000000,14.92239380,0.00000000,85.07760620,0.00000000,0.00000000,1133.38037110,62.41338730,52.78378680,68.31850430,84.09519960,114.75300600,126.40308380,143.73658750,148.22227480,123.43742370,90.67092900,94.51061250,62.02456280,,,,,14,Safiental,GR,Fred,Badel,,2023-05-23
52,"Fionnay FMM",248004.06250000,7,RHONE,16,"Westliche Zentralalpen",1700.48876950,2248.12377930,1489.57128910,38.57527920,6.93098070,89.86241150,0.00000000,0.00000000,49.71105580,0.00000000,0.00000000,2.44899920,0.00000000,47.83994670,0.00000000,0.00000000,1165.42504880,96.05560300,89.63721470,100.42910770,101.26041410,118.98521420,116.44607540,111.57696530,112.79385380,92.21238710,95.28002930,92.37098690,99.28029630,,,,,14,"Val de Bagnes",VS,Fred,Badel,,2023-05-23
91,Cleuson,15802813.00000000,7,RHONE,16,"Westliche Zentralalpen",2730.76098630,3332.92529300,2179.07910160,27.05234340,4.78358220,76.76669310,12.20065880,3.22707990,0.00000000,52.89590070,0.00000000,0.22128250,0.00000000,31.45507810,0.00000000,0.00000000,1151.50048830,94.93428040,89.95249180,104.25510410,103.63041690,130.32752990,123.99842830,119.93077850,123.62342070,97.42327880,101.86872100,91.91742710,98.75912480,,,,,14,Nendaz,VS,Fred,Badel,,2023-05-23
109,Molina,133445816.00000000,8,TICINO,14,Alpensüdflanke,1896.61914060,3202.22387700,684.11376950,34.88225560,0.68275060,92.73597720,0.34470810,0.00000000,7.92971660,15.40462490,0.00000000,36.58710480,10.84232810,27.55293660,1.11315490,0.22542570,1691.94750980,70.53479000,52.66815190,78.37442020,149.98489380,205.71496580,194.81971740,185.90725710,190.42008970,191.57281490,157.03503420,144.98193360,85.55578610,,,,,14,Rossa,GR,Fred,Badel,,2023-05-23
164,Sufers,191129632.00000000,6,RHEIN,15,"Östliche Zentralalpen",2228.81079100,3400.89599610,1395.22070310,29.18466570,2.31938410,83.90525050,2.44120740,0.43017360,8.72481730,24.03006170,0.00000000,9.38140870,1.56638570,52.81990050,0.00000000,0.60604670,1652.36853030,74.76908870,56.68200300,82.69335940,133.96118160,173.46481320,164.04620360,171.80874630,179.01536560,174.63490300,148.19354250,140.93133540,85.43864440,,,,,14,Rheinwald,GR,Fred,Badel,,2023-05-23
108,Birsfelden,34969509888.00000000,6,RHEIN,12,Mittelland,1111.59924320,4273.27001950,244.73452760,17.96294590,19.95247650,48.39974980,0.82906780,3.94391390,3.33976940,4.48811010,0.05244340,29.96912570,1.77482250,26.35411450,21.86813930,7.38049360,1398.51562500,90.54233550,84.50890350,100.27556610,100.55431370,133.46708680,144.64459230,148.92953490,149.96415710,120.22951510,101.57290650,102.51095580,104.82007600,,,,,14,Walchwil,ZG,Fred,Badel,,2023-05-23
205,Bremgarten-Zufikon,3329743616.00000000,5,REUSS,12,Mittelland,1268.82031250,3629.61303710,376.17001340,22.89295580,14.21760080,62.58607480,1.67629580,5.30486390,4.30694820,8.69743820,0.04650900,26.11861040,2.42958090,30.02877810,16.00916480,5.38181070,1658.18493650,100.99900820,98.18738560,119.23368070,122.99366000,160.01490780,177.66442870,179.94239810,180.57458500,138.26432800,108.79586030,117.82987980,114.50189970,,,,,14,"Oberdorf (NW)",NW,Fred,Badel,,2023-05-23
53,"Alp Dado",112912.00000000,6,RHEIN,15,"Östliche Zentralalpen",2114.34912110,2205.79248050,2058.16845700,14.63000770,9.05129620,49.89017870,0.00000000,0.00000000,0.00000000,0.00000000,0.00000000,0.00000000,0.00000000,100.00000000,0.00000000,0.00000000,1434.53930660,100.42848970,95.26383210,105.54744720,101.60401150,121.60723880,138.98634340,165.26457210,170.92796330,131.88545230,98.06938170,123.81742860,102.80709840,,,,,14,Falera,GR,Fred,Badel,,2023-05-23
54,"Traversagna B6",16231851.00000000,8,TICINO,14,Alpensüdflanke,1319.19677730,2226.31567380,345.41217040,34.15508270,0.42040660,94.11041260,0.00000000,0.00000000,0.00000000,0.00000000,0.00000000,88.36721040,5.97402860,5.65876050,0.00000000,0.00000000,1631.59399410,65.56462100,51.91752620,81.82979580,155.34143070,213.22453310,203.66127010,184.93136600,198.45233150,199.63168330,157.46902470,145.37165830,84.04402920,,,,,14,Arbedo-Castione,TI,Fred,Badel,,2023-05-23
55,Marmorera,89178928.00000000,6,RHEIN,15,"Östliche Zentralalpen",2350.32373050,3205.03125000,1670.53234860,24.48740390,3.32244180,74.06126400,0.03428980,1.53214940,5.45462130,23.00267030,0.00000000,4.70295000,0.00000000,63.41984180,1.85347820,0.00000000,1186.48193360,57.03938670,48.64335250,66.16077420,95.14237980,121.98897550,132.53190610,126.76669310,133.42529300,119.52448270,105.35657500,107.96559910,71.21524050,,,,,14,Surses,GR,Fred,Badel,,2023-05-23
56,Schloss,10671823.00000000,1,AARE,12,Mittelland,604.21533200,795.13366700,491.26000980,6.41842370,27.72219850,6.31876750,0.00000000,0.00000000,0.00000000,0.00000000,0.00000000,18.03365330,8.03407760,0.00000000,58.37644580,15.55582240,1130.74682620,71.08862300,68.73472600,80.62385560,81.58206940,123.14745330,127.12499240,122.51966860,123.50024410,92.86799620,85.34231570,78.17362210,87.46725460,,,,,14,Sarmenstorf,AG,Fred,Badel,,2023-05-23
57,Verbois,10137214976.00000000,7,RHONE,12,Mittelland,1712.43469240,4633.12988280,365.16760250,23.24034120,17.23183630,63.70380400,7.11359740,5.96398350,2.42403460,14.28177360,0.07881130,26.02223590,4.25884010,22.62705420,10.00501920,7.22465130,1309.20495610,103.90320590,91.80094910,99.78406520,104.38683320,133.81390380,124.75178530,119.69796750,124.13784790,110.91979220,118.14752200,109.08858490,113.95286560,,,,,14,Bex,VD,Fred,Badel,,2023-05-23
49,"Meretschisee, Unterer",3116970.25000000,7,RHONE,16,"Westliche Zentralalpen",2625.77124020,3025.08349610,2300.69262700,28.38214870,3.38571790,80.23452000,0.00000000,0.00000000,0.00000000,82.78338620,0.00000000,0.00000000,0.00000000,17.21661570,0.00000000,0.00000000,1219.33984380,101.63184360,90.22768400,93.57919310,96.93998720,140.03677370,144.56185910,151.56790160,159.31181340,107.63895420,99.45573430,93.32694240,107.32624050,,,,,14,Agarn,VS,Fred,Badel,,2023-05-23
50,Arnensee,7234599.50000000,1,AARE,13,Alpennordflanke,1812.76208500,2207.34179690,1540.31201170,21.62188530,6.79351190,72.49820710,0.00000000,6.17177010,33.21620180,0.00000000,0.00000000,18.14160730,1.90415660,40.56626510,0.00000000,0.00000000,1885.95422360,157.22711180,143.87869260,141.96304320,122.36875150,161.13014220,182.97174070,182.22517400,178.14501950,137.39785770,137.05720520,140.89302060,167.53015140,,,,,14,Gsteig,BE,Fred,Badel,,2023-05-23
71,Burvagn,302433728.00000000,6,RHEIN,15,"Östliche Zentralalpen",2232.28247070,3397.44506840,1115.96740720,26.16483690,2.23635030,78.46808620,0.19394310,0.45178640,8.15331550,21.39761730,0.00000000,15.01528450,1.26202820,51.37694550,1.64180930,0.50726910,1088.36828610,52.19692990,44.58986660,60.89475630,85.28712460,111.61804200,128.03004460,125.60739140,133.21389770,113.39130400,93.98043060,95.33877560,63.42050170,,,,,14,Surses,GR,Fred,Badel,,2023-05-23
96,Vasasca,14119544.00000000,8,TICINO,14,Alpensüdflanke,1653.12866210,2380.88476560,667.65234380,38.81285100,0.27026010,97.24626160,0.00000000,0.00000000,0.00000000,6.82845590,0.00000000,41.99088290,16.31720730,34.86345670,0.00000000,0.00000000,2302.60424800,94.25453190,82.05027010,100.85706330,197.48648070,231.28488160,181.48921200,169.37974550,195.14045720,239.74729920,215.74671940,194.15333560,109.70647430,,,,,14,Maggia,TI,Fred,Badel,,2023-05-23
123,"Ova Spin",384460480.00000000,3,INN,15,"Östliche Zentralalpen",2321.83129880,3301.08569340,1619.50244140,29.06442070,1.62736250,84.07765960,0.33215060,1.17774070,10.09085370,29.21314810,0.00000000,14.85580350,1.70617660,41.63536070,0.34683760,0.64193030,1000.03051760,53.31776810,43.03955460,55.05304720,74.27709200,107.65383910,107.05551910,117.01663970,118.21931460,91.76179500,99.63704680,95.31808470,63.82910920,,,,,14,,,Fred,Badel,,2023-05-23
176,Greuel,4846304.00000000,1,AARE,12,Mittelland,671.35888670,862.60296630,490.51019290,8.36332700,15.66967110,11.83189770,0.00000000,0.00000000,0.00000000,0.00000000,0.00000000,20.03250310,0.00000000,0.00000000,79.96749880,0.00000000,1117.50305180,62.98655700,62.73978040,78.22811890,85.67894740,127.39089200,134.60292050,129.96989440,130.86614990,97.19108580,84.07924650,75.16185760,81.80297090,,,,,14,"Beinwil (Freiamt)",AG,Fred,Badel,,2023-05-23
58,Viderjoch,84451.57031250,3,INN,15,"Östliche Zentralalpen",2694.97167970,2769.63745120,2661.69409180,16.31460570,13.39547630,50.39746480,0.00000000,0.00000000,0.00000000,83.90247340,0.00000000,0.00000000,0.00000000,16.09752460,0.00000000,0.00000000,1398.58923340,79.50687410,63.81599810,81.48342130,72.32137300,81.05070500,152.26667790,182.13702390,170.25965880,94.55856320,77.64577480,92.18389890,83.18730930,,,,,14,Samnaun,GR,Fred,Badel,,2023-05-23
59,Käppelistutz,24055932.00000000,5,REUSS,13,Alpennordflanke,1708.73559570,2811.91333010,783.41619870,31.74384120,1.11895380,88.48481750,0.00000000,0.00000000,6.02923390,12.57269190,0.00000000,23.30490680,0.00000000,58.09316640,0.00000000,0.00000000,2250.50830080,126.54815670,125.78332520,149.44531250,153.06484990,195.04014590,215.16003420,227.81021120,221.83270260,155.97056580,124.96018220,142.38235470,142.83642580,,,,,14,Wolfenschiessen,NW,Fred,Badel,,2023-05-23
60,Aarberg,5094686720.00000000,1,AARE,12,Mittelland,1367.13549800,4273.27001950,446.98986820,22.21156120,12.16923140,60.52268220,3.60048600,2.10703110,3.90762520,7.20764540,0.05034690,24.65514760,4.44732950,31.60791970,17.48027230,4.93619540,1563.66235350,104.46615600,97.52639010,112.40342710,112.64037320,149.59756470,159.29080200,161.55514530,162.79219060,122.72998810,110.56684880,108.53112030,117.46045680,,,,,14,"Erlenbach im Simmental",BE,Fred,Badel,,2023-05-23
61,Motec,181957.57812500,7,RHONE,16,"Westliche Zentralalpen",1727.08410640,2221.09204100,1560.16503910,32.34557720,14.58892350,82.46601870,0.00000000,0.00000000,0.00000000,0.00000000,0.00000000,36.84363940,23.00337790,40.15298080,0.00000000,0.00000000,806.81848140,58.86111830,51.83510970,62.77392200,61.00000760,93.13504030,90.88156890,87.92707820,94.59056850,65.22586820,69.33245090,60.66537860,63.58426280,,,,,14,Anniviers,VS,Fred,Badel,,2023-05-23
62,Wohlen,50707588.00000000,1,AARE,12,Mittelland,556.18688960,878.00292970,417.95175170,6.44091220,32.97298810,7.78114800,0.00000000,0.00000000,0.00000000,0.00000000,0.00000000,21.49133870,0.21120350,0.52236610,65.95249180,11.82259940,1126.50988770,65.46736150,64.70038600,78.48105620,83.03224950,123.59573360,126.98030850,123.73442840,124.01033020,94.05688480,84.23487090,76.53673550,84.06163020,,,,,14,Boswil,AG,Fred,Badel,,2023-05-23
84,Godey,8542656.00000000,7,RHONE,16,"Westliche Zentralalpen",2102.44848630,2751.47998050,1398.23498540,31.45909690,0.99326310,87.06945800,0.00000000,0.00000000,0.00000000,23.88298990,0.00000000,7.72808120,8.45314500,59.93578340,0.00000000,0.00000000,2150.04711910,181.38459780,164.72593690,160.54417420,145.74426270,190.96858220,217.08726500,222.36854550,213.47055050,160.83905030,154.92912290,165.83949280,195.62602230,,,,,14,Conthey,VS,Fred,Badel,,2023-05-23
102,"Plans Mayens",145392.89062500,7,RHONE,16,"Westliche Zentralalpen",1604.38000490,1664.77905270,1573.86999510,14.85131170,15.36493400,43.99570850,0.00000000,0.00000000,0.00000000,0.00000000,0.00000000,92.81494900,0.00000000,0.00000000,0.00000000,7.18505190,1350.76306150,133.18014530,112.76694490,96.20631410,98.86505890,130.13002010,140.70214840,152.19046020,160.91134640,103.42893220,95.86877440,113.96900180,148.57896420,,,,,14,Lens,VS,Fred,Badel,,2023-05-23
103,Melchsee,7789904.50000000,5,REUSS,13,Alpennordflanke,2029.49755860,2536.17382810,1891.51452640,18.75270080,14.56449130,54.26327130,0.00000000,11.40751270,0.00000000,0.02242840,0.00000000,0.00000000,0.00000000,88.57006070,0.00000000,0.00000000,2127.63085940,138.29521180,134.12162780,162.71777340,159.59243770,194.03327940,200.81140140,198.92247010,204.93000790,152.99327090,136.77685550,142.47033690,146.81028750,,,,,14,Kerns,OW,Fred,Badel,,2023-05-23
104,Ferpècle,45258520.00000000,7,RHONE,16,"Westliche Zentralalpen",2995.77905270,4357.33349610,1887.21875000,27.71556280,1.49556660,74.23761750,53.47888950,0.00000000,0.75173720,33.39398570,0.00000000,0.01454330,0.19555600,12.16528990,0.00000000,0.00000000,1238.12194820,86.08043670,73.15713500,95.91125490,116.82225040,171.03224180,118.48041530,128.04579160,125.25235750,103.43524170,116.22679900,88.46218110,93.01356510,,,,,14,Evolène,VS,Fred,Badel,,2023-05-23
105,Rossinière,401147904.00000000,1,AARE,13,Alpennordflanke,1623.86694340,3250.28979490,842.98602290,27.09940530,2.82422690,80.22935490,0.38939390,0.24808000,5.21473220,6.65556960,0.00000000,24.12445830,8.72248940,49.23317720,3.52720790,1.88489270,1706.69042970,134.98898320,125.79975890,126.48239900,110.77661900,147.45910640,169.52906800,169.74597170,168.25537110,125.77066800,121.99108890,124.91702270,148.48892210,,,,,14,Saanen,BE,Fred,Badel,,2023-05-23
106,Carassina,16372184.00000000,8,TICINO,14,Alpensüdflanke,2299.00219730,3255.69995120,1705.66796880,33.27180480,0.63817340,90.75233460,0.03497970,0.00000000,0.00000000,29.81799320,0.00000000,0.93634010,15.31637290,53.89431380,0.00000000,0.00000000,1956.60656740,95.22734070,72.77104190,94.41878510,150.95509340,202.30712890,188.39105220,181.12966920,211.00691220,190.45892330,160.27404790,164.53167720,107.94000240,,,,,14,Blenio,TI,Fred,Badel,,2023-05-23
107,Pallazuit,108666880.00000000,7,RHONE,16,"Westliche Zentralalpen",2489.75781250,4307.41064450,1322.31884770,30.45698550,1.21289030,86.33920290,6.94008400,0.60292780,5.77400210,34.46926500,0.00000000,5.69771910,0.27626050,46.23974230,0.00000000,0.00000000,1453.63598630,122.39117430,107.84001920,122.21105190,128.25968930,138.81143190,121.33051300,115.56549840,113.90859220,102.46558380,123.27319340,126.62377170,127.85961150,,,,,14,Bourg-Saint-Pierre,VS,Fred,Badel,,2023-05-23
201,Darbola,10413293.00000000,8,TICINO,14,Alpensüdflanke,1832.23437500,2575.32666020,1146.86401370,38.90311810,0.37858930,94.90129850,0.00000000,0.00000000,10.30856130,15.69352150,0.00000000,34.90951160,22.70606420,16.38234330,0.00000000,0.00000000,1478.26171880,62.27637860,45.99092860,71.68195340,138.31829830,192.64186100,184.54037480,185.40368650,177.95841980,183.89564510,142.67590330,134.04797360,77.26958470,,,,,14,Lostallo,GR,Fred,Badel,,2023-05-23
63,Muttsee,2708677.00000000,4,LIMMAT,13,Alpennordflanke,2598.04809570,3104.79418950,2401.98950200,27.42583080,7.97182460,78.30548860,0.00000000,11.62340450,0.00000000,88.37659450,0.00000000,0.00000000,0.00000000,0.00000000,0.00000000,0.00000000,1686.86853030,121.77472690,118.90691380,135.21035770,115.95851900,140.72265630,171.12918090,195.33027650,201.34570310,155.00105290,113.35747530,142.19189450,128.25253300,,,,,14,"Glarus Süd",GL,Fred,Badel,,2023-05-23
64,Fully,4648434.00000000,7,RHONE,16,"Westliche Zentralalpen",2451.32519530,2929.72290040,2127.65307620,27.47470280,4.18671610,82.03881070,0.00000000,0.00000000,0.00000000,50.51468660,0.00000000,0.00000000,0.00000000,49.48531340,0.00000000,0.00000000,2176.91723630,184.22056580,165.96818540,172.49597170,159.98701480,199.35310360,217.10084530,214.98605350,214.15306090,163.15823360,166.60263060,170.51948550,199.01971440,,,,,14,Fully,VS,Fred,Badel,,2023-05-23
65,Löbbia,75965960.00000000,2,ADDA,14,Alpensüdflanke,2403.21313480,3377.65722660,1416.09008790,31.06669810,1.91183440,84.28171540,8.75342660,0.00000000,3.00147490,36.83665080,0.00000000,6.96865130,5.65844630,38.58512880,0.00000000,0.19622290,1315.85742190,61.41600800,48.18001940,67.46435550,113.36132810,151.04278560,136.58444210,136.65977480,139.21400450,128.19694520,129.05892940,120.70115660,78.72866820,,,,,14,Bregaglia,GR,Fred,Badel,,2023-05-23
66,"St-Barthélemy A3",4409299.50000000,7,RHONE,13,Alpennordflanke,2057.70068360,3179.97534180,1136.00122070,42.03268050,0.05152710,97.57532500,0.43777010,0.00000000,14.24441620,44.31628420,0.00000000,5.68098830,3.82862310,31.49191670,0.00000000,0.00000000,1709.76757810,144.02264400,126.45796970,129.97204590,113.57744600,137.12570190,147.45185850,146.97198490,148.73988340,119.42945860,135.16522220,129.80416870,161.80282590,,,,,14,Saint-Maurice,VS,Fred,Badel,,2023-05-23
88,"Heidsee, unterer",12387329.00000000,6,RHEIN,15,"Östliche Zentralalpen",1830.36657710,2858.45874020,1482.10510250,19.15365410,6.04538060,63.33010100,0.00000000,2.68094610,8.15620900,2.01363350,0.00000000,21.64641190,6.61579130,45.97730640,0.00000000,12.90970130,1051.35473630,58.90327070,52.22104640,62.81047440,67.57958980,102.63397980,124.79882050,138.18464660,148.02958680,109.80041500,73.82492830,76.48381040,60.94423290,,,,,14,Vaz/Obervaz,GR,Fred,Badel,,2023-05-23
67,Valos,52365.53125000,6,RHEIN,15,"Östliche Zentralalpen",1697.13562010,1760.09558110,1674.15100100,10.63769050,30.86146350,30.47960850,0.00000000,0.00000000,0.00000000,0.00000000,0.00000000,0.00000000,100.00000000,0.00000000,0.00000000,0.00000000,1049.24291990,58.20189670,51.07826230,61.21620180,67.34095000,102.18864440,123.35493470,137.14811710,146.18637080,109.37045290,74.36586000,76.62805940,59.55790710,,,,,14,Vaz/Obervaz,GR,Fred,Badel,,2023-05-23
68,Albbruck-Dogern,33687519232.00000000,7,RHONE,16,"Westliche Zentralalpen",1126.77514650,4273.27001950,307.60736080,18.09337430,20.03120990,48.78918460,0.86094930,4.05868630,3.46819880,4.66069840,0.05446010,29.29432680,1.82146990,26.76264760,21.75373080,7.26483250,1406.83410640,90.95314030,84.89340970,100.81366730,101.06074520,134.09548950,145.91539000,150.20391850,151.44779970,121.11207580,101.85388180,103.03989410,104.98268130,,,,,14,Walchwil,ZG,Fred,Badel,,2023-05-23
69,Croix,62199424.00000000,7,RHONE,16,"Westliche Zentralalpen",2194.74658200,3250.37231450,915.84899900,27.22129820,3.07990460,78.42952730,2.34928680,1.36789720,1.32979760,43.72145840,0.00000000,14.75420950,8.52834420,24.34307670,2.10541200,1.50051760,1908.86560060,171.60768130,151.38705440,148.99865720,149.33792110,192.13188170,218.75984190,234.52658080,237.06802370,156.73373410,140.14985660,153.98379520,187.54499820,,,,,14,Ayent,VS,Fred,Badel,,2023-05-23
70,Schräh,42420328.00000000,4,LIMMAT,13,Alpennordflanke,1359.72045900,2294.42846680,889.43566890,25.28491970,9.99430180,75.99304960,0.00000000,9.80650140,5.31968400,5.70274730,0.00000000,34.29972080,0.71851900,44.15282820,0.00000000,0.00000000,2227.88134770,126.91915890,127.45311740,160.60527040,145.03987120,200.72074890,249.08006290,258.22991940,248.91777040,185.77757260,133.62660220,148.15394590,152.70072940,,,,,14,Innerthal,SZ,Fred,Badel,,2023-05-23
74,Bortelsee,1166356.00000000,7,RHONE,16,"Westliche Zentralalpen",2637.08520510,2981.92797850,2462.60498050,29.68763540,11.77660850,83.42707820,0.61064640,0.00000000,0.00000000,62.63265230,0.00000000,0.00000000,0.00000000,36.75670240,0.00000000,0.00000000,1752.51135250,104.68865200,83.76378630,104.72483830,171.47740170,206.34017940,135.85597230,113.99784850,119.76525120,151.11935420,176.72232060,156.11824040,104.39019010,,,,,14,Ried-Brig,VS,Fred,Badel,,2023-05-23
75,"Les Toules",38641576.00000000,7,RHONE,16,"Westliche Zentralalpen",2449.98242190,3679.37695310,1803.77587890,28.59942250,2.40377470,83.66571040,0.28993470,1.69553850,4.05196140,37.25268940,0.00000000,0.00000000,0.00000000,56.70987700,0.00000000,0.00000000,1635.26110840,143.06950380,125.50794220,140.38058470,149.46069340,152.09339900,125.67850490,116.97668460,115.11141970,108.76405330,138.49795530,150.70677190,149.41213990,,,,,14,Bourg-Saint-Pierre,VS,Fred,Badel,,2023-05-23
76,Cavagnoli,4937656.50000000,8,TICINO,14,Alpensüdflanke,2581.05419920,2958.68090820,2211.69458010,26.40983580,10.33868500,73.87337490,0.38158460,9.41264150,0.00000000,82.54445650,0.00000000,0.00000000,0.00000000,7.66131590,0.00000000,0.00000000,2615.88525390,153.72229000,136.60084530,169.68978880,279.76394650,305.27880860,217.69084170,181.78045650,212.62231450,262.48394780,283.94546510,228.03491210,153.60209660,,,,,14,Cevio,TI,Fred,Badel,,2023-05-23
77,Z'Mutt,52881328.00000000,7,RHONE,16,"Westliche Zentralalpen",2930.41845700,4476.25781250,1964.04418950,30.71195790,1.85575190,78.16880040,44.48852920,0.00000000,0.00000000,37.33715820,0.00000000,0.80450610,0.99532830,16.37447740,0.00000000,0.00000000,1288.73217770,87.20112610,80.37243650,93.28150180,125.62498470,192.63859560,140.09902950,122.65852360,141.12026980,120.40039830,139.10899350,113.79751590,99.93847660,,,,,14,Zermatt,VS,Fred,Badel,,2023-05-23
117,"Les Clées",298939680.00000000,1,AARE,11,Jura,1201.18725590,1679.47705080,737.76824950,12.12524510,13.84395890,29.90718840,0.00000000,3.47014050,2.14185050,0.00000000,0.00000000,62.27589800,1.69021430,21.24791910,5.65834620,3.51562930,1848.60717770,170.32606510,149.76715090,152.93692020,132.38871770,158.24101260,143.33366390,132.07310490,133.95974730,140.48623660,163.21430970,167.31858830,189.53120420,,,,,14,"Le Chenit",VD,Fred,Badel,,2023-05-23
118,Limmern,20881042.00000000,4,LIMMAT,13,Alpennordflanke,2480.34326170,3365.58007810,1832.10876460,29.30913540,8.17474270,76.74311070,7.51268530,8.30881790,0.00000000,67.80229190,0.00000000,0.00000000,0.00000000,16.37620740,0.00000000,0.00000000,1686.98498540,119.51910400,115.44308470,130.29295350,118.81544490,140.65455630,174.59040830,202.73390200,207.85578920,157.74391170,114.16189580,143.81286620,126.88244630,,,,,14,"Glarus Süd",GL,Fred,Badel,,2023-05-23
72,Vordersee,1116621.12500000,7,RHONE,16,"Westliche Zentralalpen",2566.18139650,3049.08496090,2360.16015630,22.66777990,6.21751450,74.24766540,0.00000000,0.00000000,0.00000000,25.34015660,0.00000000,0.00000000,0.00000000,74.65984340,0.00000000,0.00000000,1846.84997560,140.86784360,115.17365260,135.25910950,173.74626160,203.74893190,198.08666990,204.56092830,176.98233030,178.55081180,155.50175480,169.46336360,133.24986270,,,,,14,Fieschertal,VS,Fred,Badel,,2023-05-23
73,Eggen,18978.20312500,8,TICINO,16,"Westliche Zentralalpen",1602.02819820,1618.96386720,1596.47399900,10.84521960,44.26402280,35.87094120,0.00000000,0.00000000,0.00000000,0.00000000,0.00000000,34.98921590,0.00000000,65.01078030,0.00000000,0.00000000,1472.82580570,81.92890930,67.52558140,85.26824950,153.86561580,181.28150940,112.08388520,82.04674530,91.89390560,122.90147400,158.36140440,139.98019410,92.82789610,,,,,14,Simplon,VS,Fred,Badel,,2023-05-23
78,Rodi,27556.95898440,8,TICINO,14,Alpensüdflanke,943.61303710,946.29248050,943.16149900,2.69431020,84.75485990,10.38584230,0.00000000,0.00000000,0.00000000,0.00000000,0.00000000,79.12585450,0.00000000,0.00000000,0.00000000,20.87414740,1424.75427250,72.09825130,58.11479950,77.59419250,132.54174800,165.90321350,139.35346980,130.75778200,145.28819270,163.52999880,153.95263670,129.06756590,78.38974000,,,,,14,"Prato (Leventina)",TI,Fred,Badel,,2023-05-23
79,Montsalvens,172883392.00000000,1,AARE,13,Alpennordflanke,1397.30957030,2353.55834960,788.46807860,28.29202650,2.09275700,82.92746730,0.00000000,0.37502660,2.16029670,0.49414310,0.00000000,36.32675550,8.14966390,50.25686260,0.94881340,1.28843690,1862.44213870,125.14891050,119.57003780,131.70217900,119.18186950,153.12033080,175.53352360,175.53262330,177.34498600,134.41006470,122.76747890,132.60317990,148.85578920,,,,,14,Jaun,FR,Fred,Badel,,2023-05-23
80,Sanetsch,11322261.00000000,1,AARE,16,"Westliche Zentralalpen",2347.67333980,3035.62915040,2033.30297850,28.57197760,3.53820370,78.69909670,0.00000000,2.48637080,0.00000000,51.95630650,0.00000000,0.00000000,0.00000000,45.55732350,0.00000000,0.00000000,2238.36181640,186.24946590,172.08284000,168.12188720,148.33790590,196.05372620,227.01684570,228.30329900,220.19372560,164.19775390,165.57499690,169.12269590,201.49333190,,,,,14,Savièse,VS,Fred,Badel,,2023-05-23
81,Gries,10038671.00000000,7,RHONE,16,"Westliche Zentralalpen",2767.94897460,3372.00097660,2386.34643550,20.70007900,8.87001230,56.61929700,46.29803850,6.37447260,0.00000000,38.66646960,0.00000000,0.00000000,0.00000000,8.66102030,0.00000000,0.00000000,1673.97521970,146.26220700,149.76519780,177.57456970,239.54747010,261.71005250,197.26245120,236.82032780,204.03916930,268.26062010,211.36291500,187.44491580,133.76747130,,,,,14,Obergoms,VS,Fred,Badel,,2023-05-23
82,Murgsee,2950051.75000000,4,LIMMAT,13,Alpennordflanke,2056.28833010,2424.72509770,1817.07397460,25.19710350,7.72151140,76.35697170,0.00000000,7.37924860,3.46794870,0.00000000,0.00000000,0.00000000,0.00000000,89.15280150,0.00000000,0.00000000,2394.65771480,144.41981510,138.82742310,172.37100220,135.05732730,158.01029970,192.20338440,228.32862850,230.05415340,174.56796260,122.42539980,149.44512940,145.60563660,,,,,14,Quarten,SG,Fred,Badel,,2023-05-23
83,Carmena,23126854.00000000,8,TICINO,14,Alpensüdflanke,1446.76147460,2204.97656250,604.37731930,34.78627780,0.20313920,95.80841830,0.00000000,0.00000000,23.11999510,0.00000000,0.00000000,59.66682430,12.15669820,5.05648230,0.00000000,0.00000000,1700.53955080,69.08474730,55.65429690,88.29116060,167.18832400,227.98968510,209.56219480,189.90206910,203.50621030,204.87652590,164.43464660,153.32333370,89.42934420,,,,,14,Bellinzona,TI,Fred,Badel,,2023-05-23
85,Prä,19710436.00000000,2,ADDA,14,Alpensüdflanke,2161.50415040,3369.21679690,1082.83691410,38.13879780,0.12466770,94.89318850,7.46240570,0.00000000,4.48241420,46.74429320,0.00000000,13.87635330,16.14544490,11.28908820,0.00000000,0.00000000,1407.81518550,60.82120510,45.84536360,70.13922120,135.94761660,172.14337160,144.73120120,144.27745060,145.81536870,141.21253970,146.16857910,128.53610230,78.95097350,,,,,14,Bregaglia,GR,Fred,Badel,,2023-05-23
86,Gelmer,15781555.00000000,1,AARE,13,Alpennordflanke,2572.63012700,3387.54614260,1847.13000490,32.75388340,4.48492720,88.63842010,15.07929420,3.56688500,0.00042200,53.11266330,0.00000000,0.00000000,0.00000000,28.24073600,0.00000000,0.00000000,2195.65014650,181.74841310,162.09863280,184.14283750,164.21038820,174.99282840,148.50013730,145.87481690,151.97735600,141.76031490,140.11630250,176.40666200,177.87457280,,,,,14,Guttannen,BE,Fred,Badel,,2023-05-23
87,Mühlebach,5772554.00000000,6,RHEIN,12,Mittelland,367.74218750,424.89877320,315.34503170,4.66440820,29.58728030,1.33474220,0.00000000,0.00000000,0.00000000,0.00000000,0.00000000,33.42578890,0.00000000,0.00000000,59.98551180,6.58869740,965.43469240,56.66761020,54.51128390,65.44374080,75.51303860,109.79225920,95.60877990,98.71220400,90.62308500,84.54614260,82.18272400,68.91752620,75.42942810,,,,,14,,,Fred,Badel,,2023-05-23
89,Arniboden,187809.89062500,5,REUSS,13,Alpennordflanke,1495.70983890,1821.39416500,1368.66003420,22.21332550,25.25775340,62.88343430,0.00000000,0.00000000,24.22439000,0.00000000,0.00000000,58.38339230,0.00000000,17.39221760,0.00000000,0.00000000,1275.67004390,87.35227200,78.81255340,99.54802700,106.63743590,133.96005250,128.68148800,132.69627380,141.53817750,120.98693850,96.31188200,108.62104800,88.48217010,,,,,14,Gurtnellen,UR,Fred,Badel,,2023-05-23
90,"St-Barthélemy C",11833896.00000000,7,RHONE,13,Alpennordflanke,1738.41455080,3179.97534180,665.75885010,37.92784880,0.11113640,96.59698490,0.16311280,0.00000000,6.87589880,17.88491440,0.00000000,40.04891590,6.19203190,28.83512880,0.00000000,0.00000000,1536.94006350,129.35955810,114.33428960,117.30336760,101.88887020,122.62300110,133.26489260,133.18406680,136.55796810,107.87536620,120.96152500,116.19222260,145.77395630,,,,,14,Saint-Maurice,VS,Fred,Badel,,2023-05-23
110,Giétroz-du-Fond,13289126.00000000,7,RHONE,13,Alpennordflanke,2356.65332030,3252.88647460,1802.45104980,30.47616000,0.77419840,86.09955600,4.83389950,0.00000000,0.00000000,62.88669590,0.00000000,0.00000000,0.00000000,32.27940370,0.00000000,0.00000000,1920.42773440,164.90203860,142.90246580,149.00576780,126.53204350,160.60124210,171.54382320,171.63905330,170.59686280,150.37066650,175.61790470,152.45384220,192.64859010,,,,,14,Evionnaz,VS,Fred,Badel,,2023-05-23
111,"Zen Binnen",99093568.00000000,7,RHONE,16,"Westliche Zentralalpen",2317.16625980,3271.67651370,1305.56127930,31.19272040,0.93336120,87.83502960,2.12451860,0.00000000,0.04031660,30.80576710,0.00000000,14.99149610,7.63090040,44.40700150,0.00000000,0.00000000,1329.88806150,91.69807430,81.90415190,104.16934970,157.48188780,187.60659790,134.66607670,135.09886170,127.07834630,165.97200010,159.35992430,133.11041260,90.43840030,,,,,14,Binn,VS,Fred,Badel,,2023-05-23
112,Rossens,952318208.00000000,1,AARE,12,Mittelland,1386.10656740,3250.28979490,673.62725830,24.31208040,7.06016970,70.66120150,0.16402560,1.24959460,3.17327590,2.99903370,0.02754030,29.98362540,6.33593990,44.34783170,8.61852930,3.10060170,1630.31811520,116.46985630,109.68682860,117.80520630,109.37157440,145.35565190,160.89794920,158.20478820,162.12403870,125.10585020,118.14537810,116.71349330,132.55952450,,,,,14,Château-d'Oex,VD,Fred,Badel,,2023-05-23
132,"Châtelard ESA",41649.49609380,7,RHONE,16,"Westliche Zentralalpen",1192.20446780,1473.53527830,1115.33386230,28.82061580,27.55376430,65.83141330,0.00000000,0.00000000,0.00000000,0.00000000,0.00000000,49.93614580,0.00000000,0.00000000,0.00000000,50.06385420,1317.89184570,118.36001590,101.04635620,97.70349120,84.33179470,105.92249300,118.82073210,123.94128420,128.51913450,100.26953130,124.92082210,107.60915370,138.98136900,,,,,14,Trient,VS,Fred,Badel,,2023-05-23
183,Secada,45625612.00000000,8,TICINO,14,Alpensüdflanke,1834.75549320,2791.61572270,1003.97454830,30.81917760,1.00407760,87.37693790,0.00000000,0.00000000,7.34322400,10.35186960,0.00000000,35.95444110,13.66192720,30.73896410,1.94957410,0.00000000,2011.03210450,97.25193020,89.33823390,109.73210140,212.47734070,239.29876710,171.70812990,148.74467470,173.65065000,227.52482600,213.18908690,169.57962040,105.06636810,,,,,14,"Campo (Vallemaggia)",TI,Fred,Badel,,2023-05-23
92,"Châtelard CFF",1133946.12500000,7,RHONE,16,"Westliche Zentralalpen",1483.85034180,2042.77050780,1115.38598630,33.66504670,2.81998180,87.93058780,0.00000000,0.00000000,0.00000000,0.00000000,0.00000000,73.51702880,21.08372690,0.00000000,0.00000000,5.39924190,1257.75769040,113.68713380,98.85817720,97.29188540,80.68319700,98.65464020,111.38392640,115.05516820,118.74819950,91.44272610,112.48976900,98.23367310,129.01448060,,,,,14,Finhaut,VS,Fred,Badel,,2023-05-23
93,Zervreila,62581828.00000000,6,RHEIN,15,"Östliche Zentralalpen",2495.97387700,3377.11645510,1849.54614260,30.23387150,3.19365190,85.06974030,5.01279970,2.38045950,13.22360320,38.78443150,0.00000000,0.06779870,0.00000000,40.53091050,0.00000000,0.00000000,1869.55847170,92.81060790,74.23274990,99.04975890,143.26541140,189.64891050,176.48170470,182.25224300,200.82055660,182.15640260,153.21488950,150.45306400,101.69686130,,,,,14,Vals,GR,Fred,Badel,,2023-05-23
94,Wanna,40757.57812500,6,RHEIN,15,"Östliche Zentralalpen",1720.17944340,1720.45129390,1720.17895510,0.01713400,9.52309700,90.47129060,0.00000000,0.00000000,40.40238570,0.00000000,0.00000000,0.00000000,0.00000000,59.59761430,0.00000000,0.00000000,1284.47375490,62.97761150,49.97226330,71.48821260,109.05850220,138.76109310,138.45033260,154.49252320,155.63241580,149.63749690,114.91132350,114.41290280,68.68651580,,,,,14,Safiental,GR,Fred,Badel,,2023-05-23
95,"St-Barthélemy A1",7521840.00000000,7,RHONE,13,Alpennordflanke,1950.21008300,3179.97534180,1066.40087890,38.22071080,0.09061330,96.62656400,0.25662060,0.00000000,8.35007100,28.13782310,0.00000000,19.54440880,9.72727300,33.98380280,0.00000000,0.00000000,1640.91162110,138.92297360,122.03816220,125.11835480,108.09140780,130.53039550,140.56068420,140.71521000,143.52024840,114.64185330,130.04002380,124.62693790,156.47500610,,,,,14,Evionnaz,VS,Fred,Badel,,2023-05-23
97,Bettmersee,1099531.37500000,7,RHONE,16,"Westliche Zentralalpen",2162.24926760,2425.59716800,2009.10498050,22.61255070,8.52995780,67.83477020,0.00000000,0.00000000,0.00000000,0.00000000,0.00000000,0.00000000,0.00000000,100.00000000,0.00000000,0.00000000,1333.14538570,114.08085630,92.86157230,104.97985080,126.12491610,156.68295290,131.99107360,132.90521240,123.99009700,114.22554020,126.02541350,126.23691560,104.10862730,,,,,14,Bettmeralp,VS,Fred,Badel,,2023-05-23
98,Curnera,24203248.00000000,6,RHEIN,15,"Östliche Zentralalpen",2433.82788090,3018.35034180,1954.64355470,30.99733350,4.00921920,85.92420200,2.37174300,3.33131530,13.95343780,28.19483950,0.00000000,0.00000000,0.39703340,51.75163270,0.00000000,0.00000000,1671.39172360,113.46692660,96.66315460,114.48798370,139.71633910,178.81327820,157.11895750,153.34222410,170.09378050,173.12498470,137.05595400,147.31297300,105.59873960,,,,,14,Tujetsch,GR,Fred,Badel,,2023-05-23
99,Gösgen,10818853888.00000000,1,AARE,11,Jura,1033.13964840,4273.27001950,385.14282230,16.13388630,21.43608090,42.44358440,1.69549820,3.76739720,2.04920170,3.39586420,0.05003600,29.16501620,2.62543700,20.63453290,30.13460540,6.48241230,1421.81848140,99.45065310,91.51805110,103.73977660,102.75435640,135.97402950,139.49948120,138.44413760,141.67453000,115.30274960,109.14177700,103.51698300,114.48739620,,,,,14,Schwarzenburg,BE,Fred,Badel,,2023-05-23
100,Lessoc,508560544.00000000,1,AARE,13,Alpennordflanke,1582.56689450,3250.28979490,759.09924320,27.04128840,2.91680980,79.99736790,0.30715030,0.49434720,4.83812950,5.36994500,0.00000000,26.18800540,7.89175610,50.21075060,3.16621950,1.53369470,1685.06372070,130.95538330,121.88095860,124.55790710,111.25894930,147.90144350,167.07524110,166.37831120,166.56134030,126.81030270,121.73957820,123.29422760,144.25926210,,,,,14,Rougemont,VD,Fred,Badel,,2023-05-23
101,Linthal,77255.79687500,4,LIMMAT,13,Alpennordflanke,703.09112550,914.43432620,675.20300290,14.23769280,43.60089110,31.39781570,0.00000000,0.00000000,0.00000000,0.00000000,0.00000000,21.59856030,0.00000000,74.27638240,0.00000000,4.12505580,2173.75854490,154.06925960,126.81833650,173.54725650,137.11706540,154.56706240,180.98268130,204.84904480,202.74671940,162.99896240,123.00419620,165.66468810,134.79855350,,,,,14,"Glarus Süd",GL,Fred,Badel,,2023-05-23
204,Hintersand,224114.78125000,4,LIMMAT,13,Alpennordflanke,1464.00061040,2155.00878910,1296.69213870,30.71301650,12.88060000,80.47117610,0.00000000,0.00000000,0.00000000,42.07948680,0.00000000,0.00000000,42.29492950,15.62558650,0.00000000,0.00000000,1827.99633790,123.24394230,118.49574280,139.95584110,125.59831240,152.43031310,185.89073180,216.98600770,217.00827030,166.33335880,118.61097720,145.12886050,129.38815310,,,,,14,"Glarus Süd",GL,Fred,Badel,,2023-05-23
140,Sihlsee,156436736.00000000,4,LIMMAT,13,Alpennordflanke,1242.16259770,2282.02148440,882.53833010,21.04336360,12.04916380,62.96540450,0.00000000,6.84265180,1.38681480,0.80372910,0.00000000,39.11469270,1.66208580,44.49335100,3.87970760,1.81696630,2065.84912110,125.20167540,127.30196380,158.81832890,142.80502320,184.62893680,229.02297970,243.25694270,231.38728330,174.42652890,128.46521000,144.90269470,149.49679570,,,,,14,Unteriberg,SZ,Fred,Badel,,2023-05-23
114,Gübsensee,724249.31250000,6,RHEIN,12,Mittelland,732.38299560,856.67993160,679.26281740,12.50835990,27.74270440,38.87204360,0.00000000,0.00000000,0.00000000,0.00000000,0.00000000,37.06491090,0.00000000,62.93508910,0.00000000,0.00000000,1373.93591310,76.64087680,72.03205110,101.26067350,104.05497740,148.14056400,158.90562440,172.75769040,162.22731020,133.84027100,91.71955110,93.17429350,93.66172790,,,,,14,Herisau,AR,Fred,Badel,,2023-05-23
115,"Le Chalet",342395520.00000000,1,AARE,12,Mittelland,1133.78710940,1679.47705080,464.78536990,12.24769400,13.90413090,30.47343250,0.00000000,3.02972030,1.87001310,0.00000000,0.00000000,60.69079970,1.47569730,22.30468940,7.27736140,3.35171940,1789.27600100,163.59243770,144.29769900,146.91804500,128.37576290,153.87329100,139.86044310,128.23233030,130.44752500,136.89916990,157.93829350,161.35140990,182.71974180,,,,,14,"Le Lieu",VD,Fred,Badel,,2023-05-23
116,"Le Pontet",35337320.00000000,1,AARE,11,Jura,1185.61804200,1585.87475590,789.18634030,18.42104530,2.91547080,56.54970930,0.00000000,0.00000000,0.00000000,0.00000000,0.00000000,66.02855680,0.67516520,18.01321790,13.73227790,1.55078050,1685.13867190,148.56665040,135.45703130,136.01322940,127.02844240,153.21345520,140.52038570,122.72917180,127.60859680,138.49253850,148.20983890,151.45001220,168.86822510,,,,,14,,,Fred,Badel,,2023-05-23
119,Schlattli,210796768.00000000,5,REUSS,13,Alpennordflanke,1600.49658200,2799.89379880,546.84942630,27.02289010,2.56188200,77.01092530,0.00000000,0.00000000,2.70051030,16.68174360,0.00000000,20.95079230,2.79854660,56.54562000,0.00000000,0.32278890,2071.76245120,132.71388240,134.65431210,161.20825200,144.32971190,175.80200200,226.10461430,246.28852840,241.77331540,178.05329900,129.48616030,153.89953610,150.14288330,,,,,14,Muotathal,SZ,Fred,Badel,,2023-05-23
120,Klingnau,17686796288.00000000,1,AARE,12,Mittelland,1057.34863280,4273.27001950,315.57830810,17.56014820,20.07205960,46.57480240,1.42346940,4.25645260,2.82962230,4.51725670,0.05268940,28.63836670,2.30807040,22.06604770,26.42329790,7.48472640,1489.32153320,98.92433930,92.99397280,108.73720550,107.41738130,141.73451230,151.63624570,153.24400330,154.93135070,123.09198760,107.98849490,107.48682400,114.11593630,,,,,14,Trubschachen,BE,Fred,Badel,,2023-05-23
121,Buchholz,38287368.00000000,6,RHEIN,12,Mittelland,824.30511470,1101.83166500,598.49279790,16.63100430,5.93394570,51.47116850,0.00000000,0.00000000,0.00000000,0.00000000,0.00000000,32.40566640,0.00000000,54.82944110,0.04837500,12.71651840,1604.37878420,94.35059360,89.43330380,120.75621030,116.52442930,159.61917110,181.04545590,188.33416750,178.82376100,148.07861330,103.60066990,107.24076080,112.20505520,,,,,14,Herisau,AR,Fred,Badel,,2023-05-23
122,Augst-Wyhlen,34929823744.00000000,7,RHONE,16,"Westliche Zentralalpen",1112.32250980,4273.27001950,253.49662780,17.97297480,19.92232130,48.42967990,0.83001930,3.94190930,3.34360220,4.49326090,0.05250360,29.97130780,1.77685930,26.37761500,21.87897870,7.33394430,1399.18457030,90.59602360,84.55557250,100.33122250,100.59650420,133.50555420,144.71553040,149.00256350,150.04843140,120.28031920,101.60364530,102.56295780,104.86245730,,,,,14,Walchwil,ZG,Fred,Badel,,2023-05-23
124,Tannensee,1368092.50000000,5,REUSS,13,Alpennordflanke,2043.77978520,2412.70556640,1975.48852540,13.51886840,28.10732270,39.83091350,0.00000000,24.47167970,0.00000000,0.12770730,0.00000000,0.00000000,0.00000000,75.40061190,0.00000000,0.00000000,2171.93237300,139.18295290,138.43003850,165.47727970,158.95980830,193.88369750,202.02702330,202.01419070,206.97094730,153.35383610,137.75724790,145.61920170,148.58956910,,,,,14,Kerns,OW,Fred,Badel,,2023-05-23
125,"Santa Maria",26980190.00000000,6,RHEIN,15,"Östliche Zentralalpen",2357.70214840,3187.12646480,1905.56176760,26.26555060,7.79507160,79.36610410,0.00000000,6.71883870,4.09106920,16.24493220,0.00000000,0.00000000,0.00000000,72.94515990,0.00000000,0.00000000,1787.97180180,103.77047730,83.72591400,106.66081240,147.49468990,195.89079280,171.98368840,168.47010800,190.69400020,195.46588130,160.42733760,155.82028200,101.12223050,,,,,14,Quinto,TI,Fred,Badel,,2023-05-23
126,Chapfensee,3057849.75000000,4,LIMMAT,13,Alpennordflanke,1284.98730470,1811.95935060,1022.00250240,16.23066520,6.53689240,51.31123730,0.00000000,0.00000000,11.29367830,0.00000000,0.00000000,58.48334120,0.00000000,30.22298240,0.00000000,0.00000000,1511.82714840,99.01445010,93.94883730,120.38293460,101.33742520,128.08197020,166.59956360,184.24562070,189.08992000,137.02752690,96.48661040,115.20314030,112.86759190,,,,,14,Mels,SG,Fred,Badel,,2023-05-23
127,Solis,878480512.00000000,6,RHEIN,15,"Östliche Zentralalpen",2133.75830080,3416.28515630,822.74078370,27.85992050,1.83617030,82.19301610,0.41072450,0.22144410,11.40554620,19.52071570,0.00000000,21.92005160,2.25255750,42.18178180,1.12635020,0.96082840,1039.96032710,55.56518940,48.02355580,59.65499880,71.65773770,98.75948330,122.40827180,125.61347200,135.00570680,100.59051510,78.45003510,83.99523160,62.41699600,,,,,14,"Bergün Filisur",GR,Fred,Badel,,2023-05-23
128,Ferden,131956896.00000000,7,RHONE,16,"Westliche Zentralalpen",2477.80615230,3910.61352540,1298.57153320,31.32199290,0.84821560,86.86961360,20.79347230,0.00000000,4.09571550,33.36398320,0.00000000,6.68063500,4.44330310,28.59860990,1.50913560,0.51514530,1493.09387210,126.53691100,115.61750790,119.58054350,110.39548490,149.16055300,147.53678890,151.58512880,161.88969420,113.04115300,121.45103450,120.25762940,135.02670290,,,,,14,Blatten,VS,Fred,Badel,,2023-05-23
129,Illgraben,3619787.75000000,7,RHONE,16,"Westliche Zentralalpen",1699.96057130,2677.45703130,1036.23510740,46.83332820,0.13017380,97.84351350,0.00000000,0.00000000,0.00000000,62.11808400,0.00000000,32.02719880,1.95318250,3.90153220,0.00000000,0.00000000,988.68566890,88.84646610,77.07583620,75.68554690,70.29622650,96.00287630,98.32792660,99.94161990,108.86414340,73.63648990,78.95426180,79.32111360,97.15880580,,,,,14,Leuk,VS,Fred,Badel,,2023-05-23
130,Rheinfelden,34508730368.00000000,5,REUSS,13,Alpennordflanke,1119.94836430,4273.27001950,268.46264650,18.02688030,20.01863670,48.58089450,0.84025140,3.98427300,3.38482050,4.54865170,0.05315080,29.82978250,1.79552700,26.58938030,21.70505910,7.26910400,1403.62927250,90.92485050,84.82334900,100.65480040,100.82113650,133.76057430,145.27128600,149.53274540,150.68838500,120.64344790,101.77702330,102.87615970,105.06586460,,,,,14,Walchwil,ZG,Fred,Badel,,2023-05-23
131,Rempen,65039164.00000000,4,LIMMAT,13,Alpennordflanke,1248.51599120,2294.42846680,639.55328370,24.47843930,7.28598170,74.32569890,0.00000000,6.39606950,4.50184440,3.71948840,0.00000000,42.75056080,0.46863780,41.61859890,0.00000000,0.54480270,2163.63549800,122.48304750,123.03672030,156.38395690,142.17555240,195.45916750,243.07473750,249.62384030,240.77767940,180.92387390,130.82199100,143.66044620,148.63238530,,,,,14,Innerthal,SZ,Fred,Badel,,2023-05-23
144,Piora,22993892.00000000,8,TICINO,14,Alpensüdflanke,2184.53149410,2772.55541990,1847.44824220,24.93778610,10.21219640,70.03289790,0.00000000,7.21070340,0.00000000,10.32771110,0.00000000,4.14489700,6.72329810,71.59339140,0.00000000,0.00000000,1850.87438960,99.13469700,78.25933840,98.78317260,149.31584170,186.37013240,169.10388180,155.68325810,177.66036990,186.36079410,164.33621220,157.52697750,98.57192990,,,,,14,Quinto,TI,Fred,Badel,,2023-05-23
200,Gebidem,198320816.00000000,7,RHONE,16,"Westliche Zentralalpen",2910.58007810,4194.66308590,1428.57897950,26.87250330,3.44748330,70.25920100,61.50703050,0.00000000,0.00000000,25.85339160,0.00000000,1.22632440,0.57018460,10.84306810,0.00000000,0.00000000,2353.09497070,178.49757390,157.00239560,179.19155880,192.73225400,241.13404850,241.06843570,247.88201900,240.56608580,187.12670900,177.29351810,182.55325320,172.67260740,,,,,14,Bettmeralp,VS,Fred,Badel,,2023-05-23
133,Robiei,1105608.50000000,8,TICINO,14,Alpensüdflanke,2113.61889650,2616.81176760,1925.29479980,27.74968150,21.39750860,72.15838620,0.00000000,0.26107590,0.00000000,1.00556060,0.00000000,0.00000000,0.00000000,98.73336030,0.00000000,0.00000000,2665.67529300,156.00550840,136.64097600,165.75888060,271.88357540,303.28979490,217.51570130,182.04791260,214.68540950,269.05813600,282.41891480,232.44931030,155.17559810,,,,,14,Cevio,TI,Fred,Badel,,2023-05-23
134,Mauvoisin,114460112.00000000,7,RHONE,16,"Westliche Zentralalpen",2908.09619140,4313.34326170,1958.96411130,29.04677960,3.51358630,76.20929720,36.49666600,1.99699840,0.00003260,43.17089080,0.00000000,0.00000000,0.00000000,18.33541490,0.00000000,0.00000000,1557.89099120,122.08042140,117.66422270,128.19943240,133.82289120,166.15039060,144.85870360,136.76928710,137.68466190,115.64814000,127.68428040,114.13213350,125.62290950,,,,,14,"Val de Bagnes",VS,Fred,Badel,,2023-05-23
135,Niederried,5078333952.00000000,1,AARE,12,Mittelland,1369.75756840,4273.27001950,456.19485470,22.25268170,12.12592320,60.65449910,3.61207990,2.10166600,3.92020800,7.23085500,0.05050900,24.61770820,4.45468380,31.70969960,17.36209110,4.94049930,1565.27734380,104.57607270,97.63026430,112.51810460,112.74394230,149.73599240,159.45964050,161.74990840,162.96157840,122.81599430,110.61589810,108.62509920,117.55256650,,,,,14,"Erlenbach im Simmental",BE,Fred,Badel,,2023-05-23
136,Rhodannenberg,82443568.00000000,4,LIMMAT,13,Alpennordflanke,1707.18811040,2914.26977540,842.02416990,31.97386550,5.05554290,82.76322170,1.71336130,3.86483960,7.33045240,24.69834520,0.00000000,22.67209820,1.48798760,38.23291400,0.00000000,0.00000000,2117.42358400,131.94248960,131.32972720,160.85169980,138.91580200,178.74261470,225.48451230,254.79992680,251.07785030,182.25012210,130.39593510,149.57037350,148.51353450,,,,,14,Glarus,GL,Fred,Badel,,2023-05-23
137,Palagnedra,137233328.00000000,8,TICINO,14,Alpensüdflanke,1056.10253910,2151.40942380,481.29672240,38.40531920,1.54735840,94.97913360,0.00000000,0.00000000,1.42577060,1.75109600,0.00000000,59.20146180,13.43696210,12.58755590,8.61773300,2.97941990,2235.91015630,83.69740300,75.44515990,112.49205780,236.80322270,260.76107790,196.84370420,170.27676390,213.58502200,312.35977170,250.08372500,195.29711910,99.82871250,,,,,14,,,Fred,Badel,,2023-05-23
138,"Lago Bianco",10721591.00000000,2,ADDA,14,Alpensüdflanke,2540.55126950,3599.26855470,2228.98120120,22.70481300,15.33418460,65.73008730,12.91147330,13.56422520,0.00000000,22.45405200,0.00000000,0.00000000,0.00000000,51.07025150,0.00000000,0.00000000,1569.19970700,79.92896270,63.52219010,87.48276520,125.66825870,153.95408630,144.30577090,138.57357790,142.29270940,140.07543950,158.45195010,155.95568850,97.96243290,,,,,14,Poschiavo,GR,Fred,Badel,,2023-05-23
139,Pigniu,20722144.00000000,6,RHEIN,15,"Östliche Zentralalpen",2370.50512700,3157.58398440,1447.15100100,29.60985370,2.73756980,80.57885740,4.62901690,1.86142400,2.97281790,48.53026960,0.00000000,1.49493910,0.00000000,40.51153180,0.00000000,0.00000000,1573.54187010,110.22196200,102.21582790,117.24557500,105.48972320,128.29881290,157.17103580,182.20814510,188.52670290,145.05354310,105.38311770,133.82650760,113.50025180,,,,,14,Breil/Brigels,GR,Fred,Badel,,2023-05-23
141,"Beckenried Hinter-Erlibach HEB",838197.81250000,5,REUSS,13,Alpennordflanke,1076.62854000,1529.12841800,531.61877440,27.15129470,0.86391650,82.84243010,0.00000000,0.00000000,0.00000000,0.00000000,0.00000000,75.81173710,0.00000000,20.79960630,0.00000000,3.38865900,1233.85046390,72.46369930,75.50794980,92.67698670,99.12829590,152.69985960,169.73112490,178.46475220,183.30554200,127.09436040,90.75431820,92.16307070,83.65658570,,,,,14,Emmetten,NW,Fred,Badel,,2023-05-23
142,Reckingen,14752228352.00000000,1,AARE,13,Alpennordflanke,1276.72985840,3612.37280270,330.23712160,19.33481600,19.81847190,53.77974700,0.24419850,4.08712820,4.54196930,5.22829060,0.05739290,28.53192330,1.27798930,32.79929350,16.06091310,7.17090370,1275.32800290,76.71651460,70.71770480,87.56980900,91.01575470,122.15773010,138.18864440,147.41218570,148.44525150,119.80799100,91.48589320,96.27369690,88.58417510,,,,,14,Schwende-Rüte,AI,Fred,Badel,,2023-05-23
192,Räterichsboden,115120744.00000000,1,AARE,13,Alpennordflanke,2632.78222660,4273.27001950,1751.07556150,30.49856190,5.37736270,79.56221770,29.57743840,4.26710750,0.00000000,43.09371950,0.00000000,0.00000000,0.00000000,23.06173320,0.00000000,0.00000000,2271.57836910,183.07157900,159.24931340,182.01301570,188.63751220,206.81503300,188.92832950,191.70655820,186.00842290,176.94396970,162.80683900,191.41166690,176.52569580,,,,,14,Guttannen,BE,Fred,Badel,,2023-05-23
193,Schaffhausen,11848473600.00000000,6,RHEIN,12,Mittelland,1553.00964360,3612.37280270,377.22296140,22.85182950,16.86505130,65.25429530,0.30568030,4.96026850,5.51167490,6.49487640,0.04048270,27.78277590,1.43338140,35.80060200,11.70605660,5.96420150,1254.81665040,74.16239170,67.32302860,83.04785160,88.43927760,118.17778780,136.90489200,148.19279480,151.74201970,120.71143340,90.21078490,97.37543490,83.18385310,,,,,14,Eschen,,Fred,Badel,,2023-05-23
143,Zermeiggern,80165.22656250,7,RHONE,16,"Westliche Zentralalpen",1951.24450680,2565.92309570,1737.59387210,31.03514480,19.65447040,75.87747960,0.00000000,0.00000000,0.00000000,0.00000000,0.00000000,1.74189230,15.42780300,82.83030700,0.00000000,0.00000000,973.26104740,57.19126890,49.37258910,69.04189300,103.32457730,133.44783020,87.17216490,64.45266720,78.08692930,91.45216370,111.46245570,93.39903260,63.47865300,,,,,14,Saas-Almagell,VS,Fred,Badel,,2023-05-23
145,Fah,17340586.00000000,8,TICINO,16,"Westliche Zentralalpen",2527.99877930,3945.71801760,1758.56799320,32.66006090,0.87410420,88.74619290,9.93075280,0.00000000,10.06968880,36.15673830,1.69792290,0.00000000,0.01844630,42.12645340,0.00000000,0.00000000,1662.33630370,91.04843900,74.14768980,98.48055270,173.76220700,206.44285580,134.96620180,96.94311520,108.21346280,145.97430420,168.59632870,149.54489140,101.75375370,,,,,14,Zwischbergen,VS,Fred,Badel,,2023-05-23
146,Emosson,29700602.00000000,7,RHONE,16,"Westliche Zentralalpen",2330.35058590,3219.80932620,1918.88269040,28.39663510,13.05053620,79.16751100,3.30406980,12.49230000,0.00000000,35.59339140,0.00000000,0.00000000,0.00000000,48.61024090,0.00000000,0.00000000,1690.84106450,150.14109800,125.07254790,124.08594510,108.68267060,141.83663940,154.52395630,161.81039430,165.70564270,137.45047000,167.49417110,142.00550840,179.55976870,,,,,14,Salvan,VS,Fred,Badel,,2023-05-23
147,"Heidsee, oberer",10337855.00000000,6,RHEIN,15,"Östliche Zentralalpen",1843.80908200,2858.45874020,1484.07580570,19.78503610,5.97004650,65.62543490,0.00000000,2.15647860,6.11936330,2.41283540,0.00000000,23.85060880,1.65404550,49.40360260,0.00000000,14.40306660,1052.59387210,59.07035060,52.46183780,63.10389710,67.65955350,102.78900150,125.14609530,138.46022030,148.40438840,109.96086120,73.75338750,76.46672060,61.20486070,,,,,14,Vaz/Obervaz,GR,Fred,Badel,,2023-05-23
148,Chancy-Pougny,10302761984.00000000,7,RHONE,12,Mittelland,1707.49157710,4633.12988280,335.95410160,23.17613980,17.34815030,63.51004790,6.99929520,5.87576820,2.38508490,14.05229190,0.07754490,26.14731220,4.23860500,22.52172280,10.36664200,7.33573390,1308.66735840,103.80620570,91.69748690,99.65202330,104.10484310,133.32379150,124.37648770,119.20411680,123.67928310,110.88169100,118.23626710,109.20351410,114.03302000,,,,,14,Bex,VD,Fred,Badel,,2023-05-23
149,Corina,30300.31835940,8,TICINO,14,Alpensüdflanke,1191.23291020,1191.32812500,1190.92443850,0.00772160,0.04294630,99.95704650,0.00000000,0.00000000,0.00000000,0.00000000,0.00000000,5.63624000,0.00000000,94.36376190,0.00000000,0.00000000,1596.89465330,70.82260130,51.91527180,80.76629640,148.03817750,196.48031620,181.32409670,179.55625920,180.42994690,185.90600590,158.22169490,142.68547060,84.52267460,,,,,14,Mesocco,GR,Fred,Badel,,2023-05-23
194,Tobel,10560247.00000000,5,REUSS,13,Alpennordflanke,1625.49401860,2901.16479490,582.92633060,38.92823410,0.05318150,95.85643010,0.00000000,0.00000000,15.25154020,14.10381220,0.00000000,32.28918080,0.00000000,38.35546490,0.00000000,0.00000000,1670.66540530,98.53020480,97.20912170,116.81018830,113.88521580,150.03775020,165.73536680,180.56384280,185.88182070,134.29331970,101.10117340,113.74131770,107.22348790,,,,,14,"Seedorf (UR)",UR,Fred,Badel,,2023-05-23
150,"Tierfehd Süd",206304.31250000,4,LIMMAT,13,Alpennordflanke,1035.27771000,1603.36682130,809.66101070,34.95968630,20.15275380,76.93560030,0.00000000,0.00000000,13.17542270,0.00000000,0.00000000,67.55921170,0.00000000,0.00000000,0.00000000,19.26536750,1857.20568850,131.65312190,127.24115750,148.49626160,127.97980500,150.98692320,178.01513670,207.23509220,208.55183410,162.10700990,118.81333160,147.46838380,137.94660950,,,,,14,"Glarus Süd",GL,Fred,Badel,,2023-05-23
151,Preda,26143446.00000000,6,RHEIN,15,"Östliche Zentralalpen",2515.35449220,3107.50854490,1944.67333980,28.45272060,1.24333850,85.59852600,0.00000000,0.00000000,10.75868030,43.69042210,0.00000000,0.00000000,0.00000000,45.55089950,0.00000000,0.00000000,1336.57604980,52.51622010,40.81455610,63.23961260,115.25366970,151.50032040,157.43255620,155.82304380,159.34558110,150.44088750,128.17607120,114.87371060,66.93064880,,,,,14,Bregaglia,GR,Fred,Badel,,2023-05-23
159,Jonenbach,20140992.00000000,5,REUSS,12,Mittelland,640.72961430,914.21789550,497.29000850,9.19773770,24.66743280,19.75346370,0.00000000,0.06229330,0.00000000,0.00000000,0.00000000,29.34129710,0.00000000,0.00000000,60.40987780,10.18653300,1253.99182130,64.09817500,64.31210330,81.70381160,101.84201050,143.03996280,161.99427800,154.24476620,148.87590030,114.59542080,90.79256440,83.76848600,86.42129520,,,,,14,Rifferswil,ZH,Fred,Badel,,2023-05-23
152,Hinterried,261800.00000000,5,REUSS,13,Alpennordflanke,1022.19531250,1426.16442870,705.98889160,40.32804110,0.02444610,98.82810970,0.00000000,0.00000000,0.00000000,0.00000000,0.00000000,68.41495510,0.00000000,31.58504680,0.00000000,0.00000000,1262.72558590,89.88762660,81.54222870,101.83968350,108.32213590,137.43589780,131.95362850,135.15026860,143.83041380,125.33625030,98.59885410,112.59483340,90.03597260,,,,,14,Silenen,UR,Fred,Badel,,2023-05-23
153,Gigerwald,44069560.00000000,6,RHEIN,13,Alpennordflanke,2131.21215820,3245.18164060,1305.89855960,33.79337310,1.80122110,90.36664580,0.76947140,1.58583240,19.33141520,25.82622530,0.00000000,8.70352080,0.00000000,43.78353500,0.00000000,0.00000000,1678.17065430,116.03092190,109.63586430,130.00737000,108.22399900,136.86524960,171.96615600,197.99058530,204.01939390,149.40548710,107.24862670,135.81855770,123.59467320,,,,,14,Pfäfers,SG,Fred,Badel,,2023-05-23
178,Handeck,5273.63281250,1,AARE,13,Alpennordflanke,1301.41052250,1304.43579100,1301.40002440,0.38528230,96.03960420,0.53313020,0.00000000,0.00000000,40.43418120,0.00000000,0.00000000,59.56581880,0.00000000,0.00000000,0.00000000,0.00000000,1773.39184570,147.64797970,134.72290040,155.64341740,148.29618840,163.11811830,147.01118470,151.65913390,151.15521240,137.40165710,120.10292050,151.57794190,144.53811650,,,,,14,Guttannen,BE,Fred,Badel,,2023-05-23
195,Contra,231750384.00000000,8,TICINO,14,Alpensüdflanke,1574.56628420,2859.51196290,396.32675170,38.27701570,1.13641940,94.52377320,0.00000000,0.63922940,5.40691710,8.37398240,0.13773750,51.09823230,7.05054660,25.79820440,1.49515060,0.00000000,2059.07275390,81.15722660,75.49974060,99.31758880,193.32798770,236.15658570,194.49073790,189.41717530,214.14398190,256.89538570,225.31930540,182.20916750,103.84265900,,,,,14,Verzasca,TI,Fred,Badel,,2023-05-23
196,"St-Barthélemy A5",4241255.50000000,7,RHONE,13,Alpennordflanke,2079.85522460,3179.97534180,1183.50024410,42.22920610,0.04866500,97.71548460,0.45511510,0.00000000,14.80879880,46.07215500,0.00000000,4.04254480,3.98031810,30.64106750,0.00000000,0.00000000,1717.59130860,144.67527770,126.99665830,130.54962160,114.13105770,137.78895570,148.06114200,147.59498600,149.31028750,119.93700410,135.81233220,130.42930600,162.53186040,,,,,14,Saint-Maurice,VS,Fred,Badel,,2023-05-23
154,"Tierfehd Nord",413904.78125000,4,LIMMAT,13,Alpennordflanke,1171.99121090,1841.20751950,810.47900390,31.32422640,14.82011320,74.38958740,0.00000000,0.00000000,21.39337920,0.00000000,0.00000000,54.95769120,0.00000000,18.09045030,0.00000000,5.55848260,1990.42700200,143.09555050,138.26783750,160.31591800,133.33840940,154.83358760,177.07260130,203.43612670,203.28376770,162.69479370,122.01618190,153.97099300,148.40957640,,,,,14,"Glarus Süd",GL,Fred,Badel,,2023-05-23
155,Säckingen,34270369792.00000000,6,RHEIN,12,Mittelland,1121.80224610,4273.27001950,288.03475950,18.05070300,19.99080660,48.65605160,0.84615580,4.00074390,3.40860560,4.58061500,0.05352430,29.65935710,1.80184500,26.67412190,21.71707530,7.25795650,1404.54113770,90.97843170,84.87204740,100.72110750,100.89516450,133.85824580,145.46656800,149.73710630,150.93013000,120.76981350,101.80146790,102.94041440,105.06380460,,,,,14,Walchwil,ZG,Fred,Badel,,2023-05-23
156,Naret,3851769.00000000,8,TICINO,14,Alpensüdflanke,2436.81127930,2905.35083010,2271.65014650,20.36450960,21.18711850,61.66722110,0.00000000,19.43108180,0.00000000,27.99350740,0.00000000,0.00000000,0.00000000,52.57541280,0.00000000,0.00000000,2325.66821290,133.89155580,114.98223110,136.52192690,221.16212460,252.55613710,189.50788880,158.29821780,189.99516300,224.43557740,233.64921570,199.62193300,130.18551640,,,,,14,Lavizzara,TI,Fred,Badel,,2023-05-23
157,Sosto,86906672.00000000,8,TICINO,14,Alpensüdflanke,2137.22558590,3207.63232420,1018.69165040,32.77283860,2.58823560,87.89893340,0.86039880,1.61822890,3.95982530,20.93586730,0.00000000,14.25051880,6.75743440,49.78417590,1.46458020,0.36896900,1952.94726560,100.13644410,78.84181980,99.66998290,150.26622010,196.55937190,187.15716550,184.82514950,210.11849980,190.68000790,159.25976560,166.21183780,107.57219700,,,,,14,Blenio,TI,Fred,Badel,,2023-05-23
158,"Fionnay GD",145035904.00000000,7,RHONE,16,"Westliche Zentralalpen",2806.91723630,4313.34326170,1484.37097170,30.48062130,2.97395900,79.52093510,29.71334270,1.57600070,4.22969580,41.78040700,0.00000000,0.28649310,0.03839180,22.37566950,0.00000000,0.00000000,1496.31604000,117.96339420,113.56152340,124.17861180,128.62557980,158.54655460,140.97383120,133.17218020,133.92974850,112.20834350,122.42671970,110.86981960,121.31077580,,,,,14,"Val de Bagnes",VS,Fred,Badel,,2023-05-23
177,"Wilerwald Süd",141756.00000000,5,REUSS,13,Alpennordflanke,954.55401610,1315.53210450,750.13665770,36.24369430,0.05925680,97.52250670,0.00000000,0.00000000,0.00000000,0.00000000,0.00000000,5.57871100,84.32228090,0.00000000,10.09900470,0.00000000,1096.98999020,83.22637940,76.58464810,88.82801820,98.38268280,128.43077090,135.76797490,137.10054020,140.75859070,121.40438840,90.44746400,108.75875850,85.17881010,,,,,14,Gurtnellen,UR,Fred,Badel,,2023-05-23
160,Waldialp,1261143.00000000,5,REUSS,13,Alpennordflanke,1901.94445800,2276.10522460,1397.34716800,27.15165520,4.68026160,79.16966250,0.00000000,0.00000000,0.00000000,2.95633530,0.00000000,0.00000000,0.00000000,97.04366300,0.00000000,0.00000000,2009.72949220,129.04570010,130.00733950,152.98780820,140.34490970,166.42066960,215.89753720,241.50262450,241.69525150,179.99603270,128.76586910,155.11555480,141.24560550,,,,,14,Unterschächen,UR,Fred,Badel,,2023-05-23
161,Châtelot,875113024.00000000,7,RHONE,16,"Westliche Zentralalpen",1068.23803710,1419.14794920,711.71472170,12.67495920,11.45680240,30.37602810,0.00000000,1.10220610,3.24826410,0.00000000,0.09789930,42.91288380,0.36795050,29.27403070,17.42342380,5.57334040,1661.41137700,147.62902830,131.82839970,135.89465330,121.25955200,149.25656130,135.97790530,128.94950870,131.15415950,133.22195430,141.06224060,144.34053040,163.34669490,,,,,14,,,Fred,Badel,,2023-05-23
162,Beznau,17601396736.00000000,1,AARE,12,Mittelland,1060.17785640,4273.27001950,322.51721190,17.60310750,20.04756740,46.72141650,1.43037580,4.26864810,2.84335110,4.53917360,0.05294510,28.61698340,2.31681110,22.17110630,26.30005260,7.46055320,1491.24719240,99.00295260,93.07793430,108.84589390,107.54167180,141.87718200,151.83581540,153.45205690,155.19474790,123.25955200,108.06435390,107.58786770,114.19067380,,,,,14,Trubschachen,BE,Fred,Badel,,2023-05-23
163,"Formigario B18",3622860.00000000,8,TICINO,14,Alpensüdflanke,1890.23620610,2623.17846680,1035.71423340,29.65861890,0.93713220,88.05421450,0.00000000,0.00000000,0.00000000,4.75889590,0.00000000,30.10516930,15.27559380,49.86034010,0.00000000,0.00000000,1865.75573730,93.12923430,69.89295960,90.56283570,144.40995790,177.58618160,160.21458440,150.36402890,176.15972900,183.34010310,166.74522400,155.76348880,94.82259370,,,,,14,Faido,TI,Fred,Badel,,2023-05-23
165,"Les Esserts",2223130.75000000,7,RHONE,16,"Westliche Zentralalpen",1949.86779790,2342.73925780,1512.23352050,27.22187610,1.89781380,87.25771330,0.00000000,0.00000000,0.00000000,0.00000000,0.00000000,34.47031400,0.00000000,65.52968600,0.00000000,0.00000000,1366.35607910,122.77445980,103.97062680,100.08444980,88.70485690,112.49430850,122.69221500,129.34098820,134.74420170,105.74854280,134.98471070,112.81590270,146.23983760,,,,,14,Trient,VS,Fred,Badel,,2023-05-23
166,Rupperswil-Auenstein,11297863680.00000000,1,AARE,11,Jura,1012.90930180,4273.27001950,358.74166870,15.83169170,21.73508640,41.48207470,1.62361200,3.74013730,1.96231910,3.25188540,0.04791450,29.17355160,2.55160640,19.81191250,30.87593460,6.96112730,1411.73828130,98.46512600,90.70367430,102.94750980,102.05648040,135.36416630,138.77182010,137.75035100,140.79800420,114.46490480,108.24127200,102.59523770,113.58947750,,,,,14,Rüeggisberg,BE,Fred,Badel,,2023-05-23
167,Sera,40187384.00000000,8,TICINO,16,"Westliche Zentralalpen",2211.02514650,3948.44946290,1272.94335940,32.78587340,0.87687700,90.36799620,4.24703070,0.00000000,6.08013440,16.83545880,0.73264240,8.25549980,21.73422620,42.11500930,0.00000000,0.00000000,1672.80651860,90.59726720,74.26023860,97.50266270,176.94067380,209.06230160,129.64401250,94.11310580,105.64540860,140.39843750,175.26815800,153.34631350,102.02575680,,,,,14,Zwischbergen,VS,Fred,Badel,,2023-05-23
168,Garichte,7922884.50000000,4,LIMMAT,13,Alpennordflanke,2048.61425780,2700.18139650,1613.28247070,26.42289350,3.30101420,77.35239410,0.00000000,0.00000000,30.04691310,7.70050950,0.00000000,0.00000000,1.17491670,61.07765960,0.00000000,0.00000000,1942.60571290,127.23713680,123.03934480,144.60052490,124.49322510,146.37844850,182.17254640,216.15460210,215.08200070,167.58424380,116.33024600,147.89859010,130.90896610,,,,,14,"Glarus Süd",GL,Fred,Badel,,2023-05-23
169,Oberaar,19238024.00000000,1,AARE,13,Alpennordflanke,2724.31054690,3618.81250000,2302.00000000,27.08463100,8.57162000,78.65355680,22.59820560,8.21288390,0.00000000,50.93529890,0.00000000,0.00000000,0.00000000,18.25360870,0.00000000,0.00000000,2160.78662110,189.80364990,162.64958190,183.44178770,200.99151610,216.28665160,203.92930600,213.91799930,192.70529170,202.02958680,169.42547610,204.03726200,175.68280030,,,,,14,Guttannen,BE,Fred,Badel,,2023-05-23
170,Wichelsee,307712384.00000000,5,REUSS,13,Alpennordflanke,1226.73266600,2691.91259770,454.68856810,24.18228340,8.44199850,69.56894680,0.00000000,3.41111300,5.08709000,1.39851090,0.00000000,36.37085340,7.01850130,36.37112050,7.40782690,2.93498110,1711.16345210,108.42707820,102.60957340,122.45479580,127.18800350,166.92573550,188.50720210,185.27658080,190.00851440,132.81480410,107.76520540,114.81947330,122.66696170,,,,,14,Sachseln,OW,Fred,Badel,,2023-05-23
171,Obermatt,5067251.00000000,5,REUSS,13,Alpennordflanke,1405.57299800,2295.37988280,652.73577880,26.90784260,1.23305340,85.38957980,0.00000000,0.00000000,0.00000000,0.00000000,0.00000000,33.36155320,0.00000000,56.70944210,9.92900470,0.00000000,1888.85729980,110.03929140,109.40812680,131.31066890,132.01960750,172.48027040,195.87528990,210.32438660,203.41474910,142.73118590,115.81721500,127.22802730,123.34082030,,,,,14,Engelberg,OW,Fred,Badel,,2023-05-23
206,Wynau-Schwarzhäusern,9867340800.00000000,1,AARE,12,Mittelland,1071.48413090,4273.27001950,406.83963010,16.50261690,21.42130850,43.41362380,1.85899620,4.09857850,2.24680760,3.72332950,0.03997820,28.79606440,2.84092690,22.03763010,28.22919270,6.12849660,1438.31445310,100.89018250,92.68719480,104.84712980,103.91584010,137.15985110,141.06187440,139.67166140,143.25125120,116.57309720,110.40916440,104.96424100,115.66950990,,,,,14,Guggisberg,BE,Fred,Badel,,2023-05-23
172,"Les Marécottes",2259541.75000000,7,RHONE,16,"Westliche Zentralalpen",1781.15856930,2756.49462890,1096.76635740,33.35295870,0.61784570,93.25769040,0.00000000,0.00000000,0.00000000,10.39504620,0.00000000,23.17819400,20.34052850,42.60316090,0.00000000,3.48306990,1524.44824220,139.40873720,123.48030090,120.51433560,96.46324920,113.87602230,120.91201020,124.07567600,132.32997130,104.50066380,131.21612550,123.22773740,161.34437560,,,,,14,Salvan,VS,Fred,Badel,,2023-05-23
173,Eglisau,14238118912.00000000,6,RHEIN,12,Mittelland,1321.42346190,3612.37280270,330.23712160,20.07648660,18.60989380,56.26521300,0.25321560,4.14723300,4.65988400,5.42134570,0.03955970,28.65998650,1.27871640,33.83384320,15.14943030,6.55678510,1281.40563960,76.89757540,70.73738100,87.74048610,91.24483490,122.30970000,138.88285830,148.69068910,150.03477480,120.87885280,91.60346980,96.91900630,88.37082670,,,,,14,Schwende-Rüte,AI,Fred,Badel,,2023-05-23
174,Mapragg,114359192.00000000,6,RHEIN,13,Alpennordflanke,1892.88415530,3240.55493160,861.22802730,35.46403500,1.52067570,91.21604160,0.29652420,0.61111780,17.25222400,18.96066670,0.00000000,24.91860580,0.83814750,36.77447890,0.00000000,0.34823530,1481.76245120,101.42751310,94.99834440,111.29328920,91.70727540,119.20282750,149.89581300,173.38467410,177.86740110,131.54933170,94.05307010,118.38269810,106.44986720,,,,,14,Pfäfers,SG,Fred,Badel,,2023-05-23
175,"Val d'Ambra",23833280.00000000,8,TICINO,14,Alpensüdflanke,1622.04174800,2587.05834960,597.41101070,42.32851790,0.21353320,97.40848540,0.00000000,0.00000000,9.01027010,3.59009340,0.00000000,69.10294340,3.95449850,14.34219550,0.00000000,0.00000000,1752.72705080,75.64359280,67.27645110,89.12561800,170.39878850,217.33445740,182.90837100,186.74186710,204.49681090,230.33103940,190.95153810,172.06315610,98.19820400,,,,,14,Personico,TI,Fred,Badel,,2023-05-23
179,"Beckenried Kellbach KEB",61195.88671880,5,REUSS,13,Alpennordflanke,763.44982910,939.06726070,634.82617190,33.79272840,0.58090200,93.12708280,0.00000000,0.00000000,0.00000000,0.00000000,0.00000000,100.00000000,0.00000000,0.00000000,0.00000000,0.00000000,1084.47729490,63.93619160,67.99900050,84.35601040,91.58425140,149.84503170,161.32287600,168.72558590,175.83689880,121.99591830,84.64110570,84.14138790,75.18017580,,,,,14,Beckenried,NW,Fred,Badel,,2023-05-23
180,Oberems,8119.92871090,7,RHONE,16,"Westliche Zentralalpen",1372.66833500,1382.76306150,1368.32629390,9.57302090,48.00590900,28.26194000,0.00000000,0.00000000,0.00000000,0.00000000,0.00000000,0.00000000,0.00000000,100.00000000,0.00000000,0.00000000,688.31787110,65.73017880,58.43262100,61.65753170,45.25973510,55.65409470,51.90827560,48.66516490,58.95980450,42.81142040,59.95557400,60.26261140,72.15866850,,,,,14,Oberems,VS,Fred,Badel,,2023-05-23
181,Laufenburg,34038581248.00000000,2,ADDA,14,Alpensüdflanke,1125.35815430,4273.27001950,292.06912230,18.08252530,20.01806070,48.75625990,0.85197760,4.02426670,3.43205790,4.61213060,0.05389260,29.58847620,1.80790570,26.73814200,21.64530750,7.24584290,1406.05761720,91.00212860,84.90772250,100.78929140,100.98247530,133.98661800,145.71878050,150.00395200,151.21563720,120.96639250,101.84373470,103.01600650,105.04905700,,,,,14,Walchwil,ZG,Fred,Badel,,2023-05-23
182,"La Fouly",43907732.00000000,7,RHONE,16,"Westliche Zentralalpen",2354.12988280,3816.30249020,1566.16027830,32.59946440,0.71277440,88.81954190,8.92901900,0.00000000,4.26541330,27.95658870,0.00000000,1.17409730,5.04368500,51.90625380,0.00000000,0.72494420,1434.95129390,130.83909610,111.77397920,122.25879670,128.42205810,135.92605590,117.78438570,114.71704860,113.36215210,107.46521760,128.71368410,142.16366580,141.64048770,,,,,14,Orsières,VS,Fred,Badel,,2023-05-23
187,"St-Barthélemy B",8124005.00000000,7,RHONE,13,Alpennordflanke,1922.55993650,3179.97534180,967.66406250,37.80044170,0.10768080,96.06711580,0.51279730,0.00000000,7.73114920,26.51169590,0.00000000,24.58352470,8.99732110,31.66351320,0.00000000,0.00000000,1631.62780760,138.11885070,121.36425020,124.45333860,107.46380620,129.76860050,139.77104190,139.94288640,142.80679320,113.96690370,129.24438480,123.84503170,155.56985470,,,,,14,Evionnaz,VS,Fred,Badel,,2023-05-23
188,Mattenalp,35953640.00000000,1,AARE,13,Alpennordflanke,2677.13964840,3644.27514650,1866.90124510,28.02592090,2.46793530,81.36904910,38.55332180,1.24613390,4.36453250,35.48867800,0.00000000,0.00000000,0.00000000,20.34733580,0.00000000,0.00000000,2428.35864260,172.98681640,154.06712340,181.16558840,177.54148860,208.47161870,183.68048100,176.77459720,190.53321840,156.61492920,158.85919190,175.93594360,174.46279910,,,,,14,Innertkirchen,BE,Fred,Badel,,2023-05-23
189,Maigrauge,1263740928.00000000,1,AARE,12,Mittelland,1247.49389650,3250.37231450,546.42718510,20.65619090,11.02374270,58.07373430,0.11944070,0.94165780,2.40375110,2.24078440,0.06743010,28.65274050,5.02257110,36.95642850,19.17813680,4.41706230,1552.71325680,107.62934880,101.13602450,111.62584690,107.05389400,142.86189270,154.32514950,150.05383300,155.23612980,122.26767730,116.34863280,110.78608700,123.96749110,,,,,14,Bas-Intyamon,FR,Fred,Badel,,2023-05-23
190,Wenigerweiher,1276753.62500000,6,RHEIN,12,Mittelland,924.25177000,1083.81066890,836.97082520,13.63146690,6.83974890,35.52647020,0.00000000,0.00000000,0.00000000,0.00000000,0.00000000,38.98357390,0.00000000,59.31771470,1.69871340,0.00000000,1529.47521970,77.40840910,75.20345310,105.41085050,113.15166470,154.14393620,173.14498900,187.51695250,177.24847410,147.64848330,98.03610990,104.20684810,99.23999020,,,,,14,"St. Gallen",SG,Fred,Badel,,2023-05-23
191,"Meretschisee, Oberer",2378428.50000000,7,RHONE,16,"Westliche Zentralalpen",2672.30688480,3024.71313480,2357.25122070,29.27585980,2.59490390,83.31340790,0.00000000,0.00000000,0.00000000,91.15336610,0.00000000,0.00000000,0.00000000,8.84663770,0.00000000,0.00000000,1216.45397950,101.42938230,90.00894170,93.37021640,96.65494540,139.63409420,144.29316710,151.27043150,158.99537660,107.41355130,99.21800990,93.15518950,107.16503140,,,,,14,Agarn,VS,Fred,Badel,,2023-05-23
184,Illsee,2068720.87500000,7,RHONE,16,"Westliche Zentralalpen",2508.50585940,2997.32373050,2346.10961910,25.01011470,11.68529320,75.31671910,0.00000000,0.00000000,0.00000000,59.92633060,0.00000000,0.00000000,0.00000000,40.07366940,0.00000000,0.00000000,1146.85253910,97.14485170,85.14602660,90.73049930,93.20703890,133.86682130,136.68548580,144.09481810,154.80870060,103.69130710,95.79352570,89.24575040,103.50240330,,,,,14,Leuk,VS,Fred,Badel,,2023-05-23
185,Vissoie,22889388.00000000,7,RHONE,16,"Westliche Zentralalpen",2386.49707030,3082.98999020,1104.62097170,24.54758450,1.80056230,73.37574770,0.00000000,0.00000000,0.45779340,37.16392900,0.00000000,11.65207860,2.88363650,44.52337270,1.22895490,2.09023550,1010.23596190,79.48789980,69.35045620,80.13854980,83.73014070,122.40796660,117.12892150,121.76734920,128.70712280,88.97674560,86.12581630,75.32376860,83.97286990,,,,,14,Anniviers,VS,Fred,Badel,,2023-05-23
186,Zeuzier,22421406.00000000,7,RHONE,16,"Westliche Zentralalpen",2481.40429690,3250.37231450,1771.89660640,26.24501040,5.78606180,74.91106410,5.53370810,3.57424070,3.15566970,59.83973310,0.00000000,0.00000000,0.14745690,27.74919130,0.00000000,0.00000000,2189.86767580,189.13992310,170.31643680,173.67179870,165.71331790,211.80537410,246.29478450,259.78652950,256.08972170,172.77867130,162.73382570,169.65802000,203.48384090,,,,,14,Ayent,VS,Fred,Badel,,2023-05-23
197,Rheinau,11938220032.00000000,4,LIMMAT,13,Alpennordflanke,1540.80175780,3612.37280270,358.36627200,22.72046850,16.88205530,64.84509280,0.30332000,4.93260670,5.46911760,6.44472690,0.04017010,28.02493480,1.42231380,35.52997970,11.83672240,5.99610610,1251.15710450,74.16558070,67.30200200,82.88996890,88.18354800,117.90420530,136.35585020,147.53753660,150.94534300,120.09204100,90.06636050,96.98432160,83.27572630,,,,,14,Gamprin,,Fred,Badel,,2023-05-23
198,Sambuco,33749268.00000000,8,TICINO,14,Alpensüdflanke,2120.25024410,2905.35083010,1455.91271970,30.87175940,6.43499040,86.43173220,0.00000000,5.16580060,0.78119770,17.28256230,0.00000000,12.85063170,10.53999610,53.37981030,0.00000000,0.00000000,1977.16784670,108.67985530,92.32519530,113.37051390,185.88710020,223.18656920,177.27107240,151.91470340,177.32482910,202.30195620,200.88623050,174.01884460,108.71909330,,,,,14,Lavizzara,TI,Fred,Badel,,2023-05-23
199,Sella,6195020.00000000,8,TICINO,14,Alpensüdflanke,2527.71679690,2994.17187500,2254.80517580,25.74135210,8.10760400,79.95616910,0.00000000,7.01402760,0.00000000,59.26457210,0.00000000,0.00000000,0.00000000,33.72139740,0.00000000,0.00000000,2030.46801760,132.39309690,116.58496860,133.67726140,173.96792600,213.41629030,175.66284180,160.27769470,182.95379640,192.31442260,178.21757510,171.67623900,123.57276150,,,,,14,Airolo,TI,Fred,Badel,,2023-05-23
202,Trübtensee,1960965.75000000,1,AARE,13,Alpennordflanke,2535.04345700,2853.79443360,2356.29174800,23.83534810,5.71154640,77.69437410,0.00000000,0.00000000,0.00000000,36.02040480,0.00000000,0.00000000,0.00000000,63.97959520,0.00000000,0.00000000,2018.10485840,183.95678710,161.17037960,180.21421810,190.68511960,181.14427190,168.35862730,180.24739070,161.29403690,178.26539610,147.22512820,187.57611080,170.12896730,,,,,14,Guttannen,BE,Fred,Badel,,2023-05-23
203,Luzzone,36615904.00000000,8,TICINO,14,Alpensüdflanke,2248.83544920,3146.78662110,1604.60266110,33.30708310,4.52474160,88.71688840,0.78183460,3.72679520,1.21880840,29.70023160,0.00000000,6.84095290,5.30656000,52.42481610,0.00000000,0.00000000,1894.73193360,97.12538150,77.64374540,97.07417300,143.32818600,186.98451230,181.29812620,181.53497310,205.00868230,181.78663640,150.77305600,159.24279790,104.67565920,,,,,14,Blenio,TI,Fred,Badel,,2023-05-23
